dataset,claim_type,task,algorithm,variant,seed,score,score_units,evaluation_episodes,evaluation_steps,solved,stop_reason,source_path,source_url,source_sha256
control-clock-final,observed_training_run,Acrobot-v1,ars,longer,0,-95.31,undiscounted_episode_return_at_stopping,100,2163515,True,solved,results/final/Acrobot-v1__ars__longer__000.json,https://raw.githubusercontent.com/mottopanikeiku/control-clock/ee9c303de8e7698ca25569fc585e173e3e172bb8/results/final/Acrobot-v1__ars__longer__000.json,3e7aeaeec65c705f800f6da066c60e3ba71b2260751079528d727e031e6ba213
control-clock-final,observed_training_run,Acrobot-v1,ars,longer,1,-91.1,undiscounted_episode_return_at_stopping,100,1866500,True,solved,results/final/Acrobot-v1__ars__longer__001.json,https://raw.githubusercontent.com/mottopanikeiku/control-clock/ee9c303de8e7698ca25569fc585e173e3e172bb8/results/final/Acrobot-v1__ars__longer__001.json,85ded1f547a120b6519c65b4552452b39f37d69d52bc2e3ce4200f9171cdadeb
control-clock-final,observed_training_run,Acrobot-v1,ars,longer,2,-97.67,undiscounted_episode_return_at_stopping,100,2238295,True,solved,results/final/Acrobot-v1__ars__longer__002.json,https://raw.githubusercontent.com/mottopanikeiku/control-clock/ee9c303de8e7698ca25569fc585e173e3e172bb8/results/final/Acrobot-v1__ars__longer__002.json,c8eb5a1e6ad1cc5623a707c10495e2eaafe2601b4b849c3bd37312e0986d9a6a
control-clock-final,observed_training_run,Acrobot-v1,ars,longer,3,-96.24,undiscounted_episode_return_at_stopping,100,2662344,True,solved,results/final/Acrobot-v1__ars__longer__003.json,https://raw.githubusercontent.com/mottopanikeiku/control-clock/ee9c303de8e7698ca25569fc585e173e3e172bb8/results/final/Acrobot-v1__ars__longer__003.json,1917d55ae2f3227ea965e068cc0c34c45186ca3dfac4edf4b681202e3a6bfd4b
control-clock-final,observed_training_run,Acrobot-v1,ars,longer,4,-99.11,undiscounted_episode_return_at_stopping,100,3051429,True,solved,results/final/Acrobot-v1__ars__longer__004.json,https://raw.githubusercontent.com/mottopanikeiku/control-clock/ee9c303de8e7698ca25569fc585e173e3e172bb8/results/final/Acrobot-v1__ars__longer__004.json,c3cc6b2f646617b7fbf6b00c719632835db74ab5e4e212201e373db9620835e0
control-clock-final,observed_training_run,Acrobot-v1,ars,longer,5,-99.78,undiscounted_episode_return_at_stopping,100,2754680,True,solved,results/final/Acrobot-v1__ars__longer__005.json,https://raw.githubusercontent.com/mottopanikeiku/control-clock/ee9c303de8e7698ca25569fc585e173e3e172bb8/results/final/Acrobot-v1__ars__longer__005.json,545ec8eac8f0ec6c14587b1d12b303a3bad2c8abb26243a520ceade0a6d1dffe
control-clock-final,observed_training_run,Acrobot-v1,ars,longer,6,-97.72,undiscounted_episode_return_at_stopping,100,2562766,True,solved,results/final/Acrobot-v1__ars__longer__006.json,https://raw.githubusercontent.com/mottopanikeiku/control-clock/ee9c303de8e7698ca25569fc585e173e3e172bb8/results/final/Acrobot-v1__ars__longer__006.json,de3e42d42dd89df5207b000ec273fc717be738ac1b5b6aa01c0667669236b90a
control-clock-final,observed_training_run,Acrobot-v1,ars,longer,7,-99.99,undiscounted_episode_return_at_stopping,100,2839237,True,solved,results/final/Acrobot-v1__ars__longer__007.json,https://raw.githubusercontent.com/mottopanikeiku/control-clock/ee9c303de8e7698ca25569fc585e173e3e172bb8/results/final/Acrobot-v1__ars__longer__007.json,11a4a5c5002c583bd97f72e45a1e641e11ee65e350c193cd38b69977798942a8
control-clock-final,observed_training_run,Acrobot-v1,ars,longer,8,-99.05,undiscounted_episode_return_at_stopping,100,2840584,True,solved,results/final/Acrobot-v1__ars__longer__008.json,https://raw.githubusercontent.com/mottopanikeiku/control-clock/ee9c303de8e7698ca25569fc585e173e3e172bb8/results/final/Acrobot-v1__ars__longer__008.json,9398fa61980c5095f1e6d9b0b04115aa73dbac867f5b30c3c0643372460b6c02
control-clock-final,observed_training_run,Acrobot-v1,ars,longer,9,-95.01,undiscounted_episode_return_at_stopping,100,2268643,True,solved,results/final/Acrobot-v1__ars__longer__009.json,https://raw.githubusercontent.com/mottopanikeiku/control-clock/ee9c303de8e7698ca25569fc585e173e3e172bb8/results/final/Acrobot-v1__ars__longer__009.json,43f52ebde500c86cdea84687e7c5f9406b188239dede89b09d9b248fe2284136
control-clock-final,observed_training_run,Acrobot-v1,ars,longer,10,-96.91,undiscounted_episode_return_at_stopping,100,2711184,True,solved,results/final/Acrobot-v1__ars__longer__010.json,https://raw.githubusercontent.com/mottopanikeiku/control-clock/ee9c303de8e7698ca25569fc585e173e3e172bb8/results/final/Acrobot-v1__ars__longer__010.json,42339212aa94ed81a4a34a751c0ca1f959f0ed78f5ae8ba695db2c655a2b928c
control-clock-final,observed_training_run,Acrobot-v1,ars,longer,11,-97.31,undiscounted_episode_return_at_stopping,100,2705126,True,solved,results/final/Acrobot-v1__ars__longer__011.json,https://raw.githubusercontent.com/mottopanikeiku/control-clock/ee9c303de8e7698ca25569fc585e173e3e172bb8/results/final/Acrobot-v1__ars__longer__011.json,32e9a40be682da7d6e82bd14abfb9722f6c2cdae45dc63632231d850c59c26a2
control-clock-final,observed_training_run,Acrobot-v1,ars,longer,12,-97.32,undiscounted_episode_return_at_stopping,100,3543640,True,solved,results/final/Acrobot-v1__ars__longer__012.json,https://raw.githubusercontent.com/mottopanikeiku/control-clock/ee9c303de8e7698ca25569fc585e173e3e172bb8/results/final/Acrobot-v1__ars__longer__012.json,e3ecbaec9a0d98b94d545f5c1462ca84006af73973158d92584a7622162660d7
control-clock-final,observed_training_run,Acrobot-v1,ars,longer,13,-98.16,undiscounted_episode_return_at_stopping,100,2401530,True,solved,results/final/Acrobot-v1__ars__longer__013.json,https://raw.githubusercontent.com/mottopanikeiku/control-clock/ee9c303de8e7698ca25569fc585e173e3e172bb8/results/final/Acrobot-v1__ars__longer__013.json,30971706cb6173bfe27f15646a390d91161fe4c7dd2586407b063eb6ff44ecd1
control-clock-final,observed_training_run,Acrobot-v1,ars,longer,14,-98.03,undiscounted_episode_return_at_stopping,100,1628474,True,solved,results/final/Acrobot-v1__ars__longer__014.json,https://raw.githubusercontent.com/mottopanikeiku/control-clock/ee9c303de8e7698ca25569fc585e173e3e172bb8/results/final/Acrobot-v1__ars__longer__014.json,51006132c7b103695115f51d4ab115595bcfe6dd6d420e9df914d1d37891a0d4
control-clock-final,observed_training_run,Acrobot-v1,ars,longer,15,-98.57,undiscounted_episode_return_at_stopping,100,2522835,True,solved,results/final/Acrobot-v1__ars__longer__015.json,https://raw.githubusercontent.com/mottopanikeiku/control-clock/ee9c303de8e7698ca25569fc585e173e3e172bb8/results/final/Acrobot-v1__ars__longer__015.json,26f637f94d2bde7a409635f8d8955601afb2e3432236594ee4d982887d8dc630
control-clock-final,observed_training_run,Acrobot-v1,ars,longer,16,-99.33,undiscounted_episode_return_at_stopping,100,2751253,True,solved,results/final/Acrobot-v1__ars__longer__016.json,https://raw.githubusercontent.com/mottopanikeiku/control-clock/ee9c303de8e7698ca25569fc585e173e3e172bb8/results/final/Acrobot-v1__ars__longer__016.json,4c561ede1494dc0bd12bfb41bded74ddb70328dc7be64dcf98308410b97680e8
control-clock-final,observed_training_run,Acrobot-v1,ars,longer,17,-94.16,undiscounted_episode_return_at_stopping,100,2497652,True,solved,results/final/Acrobot-v1__ars__longer__017.json,https://raw.githubusercontent.com/mottopanikeiku/control-clock/ee9c303de8e7698ca25569fc585e173e3e172bb8/results/final/Acrobot-v1__ars__longer__017.json,1f43a055e74909fe3fce59195f51905668adca51357365f646b55f5a517be5c7
control-clock-final,observed_training_run,Acrobot-v1,ars,longer,18,-99.12,undiscounted_episode_return_at_stopping,100,2801210,True,solved,results/final/Acrobot-v1__ars__longer__018.json,https://raw.githubusercontent.com/mottopanikeiku/control-clock/ee9c303de8e7698ca25569fc585e173e3e172bb8/results/final/Acrobot-v1__ars__longer__018.json,be8fdee937a070a7ba6349d94ee7821f85b9e1f6e7c6ae0a5632ed94e57b5097
control-clock-final,observed_training_run,Acrobot-v1,ars,longer,19,-98.54,undiscounted_episode_return_at_stopping,100,2435660,True,solved,results/final/Acrobot-v1__ars__longer__019.json,https://raw.githubusercontent.com/mottopanikeiku/control-clock/ee9c303de8e7698ca25569fc585e173e3e172bb8/results/final/Acrobot-v1__ars__longer__019.json,d19354d8e32400d9c2ea1d9d9b3843ed7acf7014fa28d8f2443ea95c59d7ee68
control-clock-final,observed_training_run,Acrobot-v1,cem,longer,0,-98.9,undiscounted_episode_return_at_stopping,100,1459415,True,solved,results/final/Acrobot-v1__cem__longer__000.json,https://raw.githubusercontent.com/mottopanikeiku/control-clock/ee9c303de8e7698ca25569fc585e173e3e172bb8/results/final/Acrobot-v1__cem__longer__000.json,1d9e4e1f812d4a69ce3e8f9ee8b9b561f51b10baa936d7bfbd3024a86618069a
control-clock-final,observed_training_run,Acrobot-v1,cem,longer,1,-97.71,undiscounted_episode_return_at_stopping,100,1238524,True,solved,results/final/Acrobot-v1__cem__longer__001.json,https://raw.githubusercontent.com/mottopanikeiku/control-clock/ee9c303de8e7698ca25569fc585e173e3e172bb8/results/final/Acrobot-v1__cem__longer__001.json,f293857d9449432b9cbdc1a5b20443f4681dc0751a39d1b30354d5368615a916
control-clock-final,observed_training_run,Acrobot-v1,cem,longer,2,-94.09,undiscounted_episode_return_at_stopping,100,1621980,True,solved,results/final/Acrobot-v1__cem__longer__002.json,https://raw.githubusercontent.com/mottopanikeiku/control-clock/ee9c303de8e7698ca25569fc585e173e3e172bb8/results/final/Acrobot-v1__cem__longer__002.json,6f8d7104b4d760b394217e4c71dd4274649f54f0c8b5dfb8d3b973ffdd184205
control-clock-final,observed_training_run,Acrobot-v1,cem,longer,3,-97.87,undiscounted_episode_return_at_stopping,100,1426086,True,solved,results/final/Acrobot-v1__cem__longer__003.json,https://raw.githubusercontent.com/mottopanikeiku/control-clock/ee9c303de8e7698ca25569fc585e173e3e172bb8/results/final/Acrobot-v1__cem__longer__003.json,cff4f9786571500037614e6946d82960f5b46bf4d9b094bb45518350475bde1b
control-clock-final,observed_training_run,Acrobot-v1,cem,longer,4,-97.56,undiscounted_episode_return_at_stopping,100,1571130,True,solved,results/final/Acrobot-v1__cem__longer__004.json,https://raw.githubusercontent.com/mottopanikeiku/control-clock/ee9c303de8e7698ca25569fc585e173e3e172bb8/results/final/Acrobot-v1__cem__longer__004.json,f2cb3d2bb60c3109045c650264d856a6774784ecffd9a9f7039140b7b4aa9fb2
control-clock-final,observed_training_run,Acrobot-v1,cem,longer,5,-96.87,undiscounted_episode_return_at_stopping,100,1462667,True,solved,results/final/Acrobot-v1__cem__longer__005.json,https://raw.githubusercontent.com/mottopanikeiku/control-clock/ee9c303de8e7698ca25569fc585e173e3e172bb8/results/final/Acrobot-v1__cem__longer__005.json,a39ef2d2bf2d4fb8c11efaeacf25282f5adf30e9aa22d2bfaf65cc4776fec602
control-clock-final,observed_training_run,Acrobot-v1,cem,longer,6,-95.38,undiscounted_episode_return_at_stopping,100,1298445,True,solved,results/final/Acrobot-v1__cem__longer__006.json,https://raw.githubusercontent.com/mottopanikeiku/control-clock/ee9c303de8e7698ca25569fc585e173e3e172bb8/results/final/Acrobot-v1__cem__longer__006.json,97e23b5243c2a6a49f5108444da6d31893fdd44975bd2c6a22dd127860088183
control-clock-final,observed_training_run,Acrobot-v1,cem,longer,7,-95.47,undiscounted_episode_return_at_stopping,100,1125358,True,solved,results/final/Acrobot-v1__cem__longer__007.json,https://raw.githubusercontent.com/mottopanikeiku/control-clock/ee9c303de8e7698ca25569fc585e173e3e172bb8/results/final/Acrobot-v1__cem__longer__007.json,ca3ebffbf34bebcd59394224aac92fcea200b03e1505f36a707c1372e2f690bb
control-clock-final,observed_training_run,Acrobot-v1,cem,longer,8,-93.81,undiscounted_episode_return_at_stopping,100,1076191,True,solved,results/final/Acrobot-v1__cem__longer__008.json,https://raw.githubusercontent.com/mottopanikeiku/control-clock/ee9c303de8e7698ca25569fc585e173e3e172bb8/results/final/Acrobot-v1__cem__longer__008.json,085c39abbc226e6157002a3bd1ff8480c4eef78d54763a58c9c8fe878672a4c8
control-clock-final,observed_training_run,Acrobot-v1,cem,longer,9,-95.04,undiscounted_episode_return_at_stopping,100,1312200,True,solved,results/final/Acrobot-v1__cem__longer__009.json,https://raw.githubusercontent.com/mottopanikeiku/control-clock/ee9c303de8e7698ca25569fc585e173e3e172bb8/results/final/Acrobot-v1__cem__longer__009.json,d497bc49c74c67ff93c5af2738ffa2ab74ffa3c21cd0894a186c2a176a52a606
control-clock-final,observed_training_run,Acrobot-v1,cem,longer,10,-98.13,undiscounted_episode_return_at_stopping,100,1396128,True,solved,results/final/Acrobot-v1__cem__longer__010.json,https://raw.githubusercontent.com/mottopanikeiku/control-clock/ee9c303de8e7698ca25569fc585e173e3e172bb8/results/final/Acrobot-v1__cem__longer__010.json,d9ea4b8a7a9d4cc53fb91ff5c762b9abf3798afdf31ffb0f74d4b040f28b359c
control-clock-final,observed_training_run,Acrobot-v1,cem,longer,11,-97.02,undiscounted_episode_return_at_stopping,100,1351908,True,solved,results/final/Acrobot-v1__cem__longer__011.json,https://raw.githubusercontent.com/mottopanikeiku/control-clock/ee9c303de8e7698ca25569fc585e173e3e172bb8/results/final/Acrobot-v1__cem__longer__011.json,961863f902dee571d3b7cb30602a6cbcb935ef27e472110989118b04e58195a2
control-clock-final,observed_training_run,Acrobot-v1,cem,longer,12,-96.3,undiscounted_episode_return_at_stopping,100,1417709,True,solved,results/final/Acrobot-v1__cem__longer__012.json,https://raw.githubusercontent.com/mottopanikeiku/control-clock/ee9c303de8e7698ca25569fc585e173e3e172bb8/results/final/Acrobot-v1__cem__longer__012.json,3c8d475e76a51b58ab8a84fb8795872b396f4abc9e46afc228a7a4ee579d8984
control-clock-final,observed_training_run,Acrobot-v1,cem,longer,13,-98.88,undiscounted_episode_return_at_stopping,100,2433711,True,solved,results/final/Acrobot-v1__cem__longer__013.json,https://raw.githubusercontent.com/mottopanikeiku/control-clock/ee9c303de8e7698ca25569fc585e173e3e172bb8/results/final/Acrobot-v1__cem__longer__013.json,1261e857d92dadb0be0e06e85b046b9e3959e060c84bc303567b171577f19c1a
control-clock-final,observed_training_run,Acrobot-v1,cem,longer,14,-96.8,undiscounted_episode_return_at_stopping,100,1039599,True,solved,results/final/Acrobot-v1__cem__longer__014.json,https://raw.githubusercontent.com/mottopanikeiku/control-clock/ee9c303de8e7698ca25569fc585e173e3e172bb8/results/final/Acrobot-v1__cem__longer__014.json,4f22b9ec78a0f99769796b131d536e8fee91f4f664ab22987e75efd9da4f27cd
control-clock-final,observed_training_run,Acrobot-v1,cem,longer,15,-94.37,undiscounted_episode_return_at_stopping,100,1211633,True,solved,results/final/Acrobot-v1__cem__longer__015.json,https://raw.githubusercontent.com/mottopanikeiku/control-clock/ee9c303de8e7698ca25569fc585e173e3e172bb8/results/final/Acrobot-v1__cem__longer__015.json,0ee55f362d92113b6c82ef40669f0a279c10430e7bde7f739b5001a2d03a2442
control-clock-final,observed_training_run,Acrobot-v1,cem,longer,16,-93.72,undiscounted_episode_return_at_stopping,100,1312751,True,solved,results/final/Acrobot-v1__cem__longer__016.json,https://raw.githubusercontent.com/mottopanikeiku/control-clock/ee9c303de8e7698ca25569fc585e173e3e172bb8/results/final/Acrobot-v1__cem__longer__016.json,421d81ddbed45549c4e8502995b9d6937a8531555fb5b9fbbe22578760da7775
control-clock-final,observed_training_run,Acrobot-v1,cem,longer,17,-99.52,undiscounted_episode_return_at_stopping,100,1878481,True,solved,results/final/Acrobot-v1__cem__longer__017.json,https://raw.githubusercontent.com/mottopanikeiku/control-clock/ee9c303de8e7698ca25569fc585e173e3e172bb8/results/final/Acrobot-v1__cem__longer__017.json,85149d7a1c8a594470e5bd57a23e596397096cf97018ba3abfc84b9d1b782b8d
control-clock-final,observed_training_run,Acrobot-v1,cem,longer,18,-93.36,undiscounted_episode_return_at_stopping,100,1457195,True,solved,results/final/Acrobot-v1__cem__longer__018.json,https://raw.githubusercontent.com/mottopanikeiku/control-clock/ee9c303de8e7698ca25569fc585e173e3e172bb8/results/final/Acrobot-v1__cem__longer__018.json,fd95fc792a13fb1cc7e7fb441b6e0be6afc8583df8f7f87c329cb1f1ff056a1a
control-clock-final,observed_training_run,Acrobot-v1,cem,longer,19,-96.94,undiscounted_episode_return_at_stopping,100,1328413,True,solved,results/final/Acrobot-v1__cem__longer__019.json,https://raw.githubusercontent.com/mottopanikeiku/control-clock/ee9c303de8e7698ca25569fc585e173e3e172bb8/results/final/Acrobot-v1__cem__longer__019.json,4eb587163a7b6ce99f940ef25f662f238e2c4e308a82a32af4137cfc31a670dd
control-clock-final,observed_training_run,Acrobot-v1,cleanrl,default,0,-84.51,undiscounted_episode_return_at_stopping,100,61440,True,solved,results/final/Acrobot-v1__cleanrl__default__000.json,https://raw.githubusercontent.com/mottopanikeiku/control-clock/ee9c303de8e7698ca25569fc585e173e3e172bb8/results/final/Acrobot-v1__cleanrl__default__000.json,b89cdebbc8d0f8834dca609390d20d538a6a84458b3b9ccbcacb75d781b4a2d6
control-clock-final,observed_training_run,Acrobot-v1,cleanrl,default,1,-83.46,undiscounted_episode_return_at_stopping,100,174080,True,solved,results/final/Acrobot-v1__cleanrl__default__001.json,https://raw.githubusercontent.com/mottopanikeiku/control-clock/ee9c303de8e7698ca25569fc585e173e3e172bb8/results/final/Acrobot-v1__cleanrl__default__001.json,d20ed524ae0c1a25f5f889be67d590de1313edfe82016f7f2b8427608c31c591
control-clock-final,observed_training_run,Acrobot-v1,cleanrl,default,2,-97.46,undiscounted_episode_return_at_stopping,100,10240,True,solved,results/final/Acrobot-v1__cleanrl__default__002.json,https://raw.githubusercontent.com/mottopanikeiku/control-clock/ee9c303de8e7698ca25569fc585e173e3e172bb8/results/final/Acrobot-v1__cleanrl__default__002.json,2063b8f2125e3d52ce0d90fa413ced26f9b85711f810e25b27edfc91091f2d28
control-clock-final,observed_training_run,Acrobot-v1,cleanrl,default,3,-91.95,undiscounted_episode_return_at_stopping,100,20480,True,solved,results/final/Acrobot-v1__cleanrl__default__003.json,https://raw.githubusercontent.com/mottopanikeiku/control-clock/ee9c303de8e7698ca25569fc585e173e3e172bb8/results/final/Acrobot-v1__cleanrl__default__003.json,685daa3b3a80cd7a4f330a8d3afe46e34e6dba7edcbc640c4a45937199a301d6
control-clock-final,observed_training_run,Acrobot-v1,cleanrl,default,4,-86.41,undiscounted_episode_return_at_stopping,100,122880,True,solved,results/final/Acrobot-v1__cleanrl__default__004.json,https://raw.githubusercontent.com/mottopanikeiku/control-clock/ee9c303de8e7698ca25569fc585e173e3e172bb8/results/final/Acrobot-v1__cleanrl__default__004.json,81dfc7fbef69a17f5354ab9d2f51e5277d2fd2d7ed04df7cb8f8c3abc67e017b
control-clock-final,observed_training_run,Acrobot-v1,ppo-cpu,default,0,-98.39,undiscounted_episode_return_at_stopping,100,131072,True,solved,results/final/Acrobot-v1__ppo-cpu__default__000.json,https://raw.githubusercontent.com/mottopanikeiku/control-clock/ee9c303de8e7698ca25569fc585e173e3e172bb8/results/final/Acrobot-v1__ppo-cpu__default__000.json,e0d46f000997b473e4857b645bd715982bf2a94d8a6ab5a4b5a7817742a16a14
control-clock-final,observed_training_run,Acrobot-v1,ppo-cpu,default,1,-90.62,undiscounted_episode_return_at_stopping,100,229376,True,solved,results/final/Acrobot-v1__ppo-cpu__default__001.json,https://raw.githubusercontent.com/mottopanikeiku/control-clock/ee9c303de8e7698ca25569fc585e173e3e172bb8/results/final/Acrobot-v1__ppo-cpu__default__001.json,edc5c3f51171c4e2906084d133e781566c9158b83c001a39142cecb5419a231d
control-clock-final,observed_training_run,Acrobot-v1,ppo-cpu,default,2,-96.94,undiscounted_episode_return_at_stopping,100,196608,True,solved,results/final/Acrobot-v1__ppo-cpu__default__002.json,https://raw.githubusercontent.com/mottopanikeiku/control-clock/ee9c303de8e7698ca25569fc585e173e3e172bb8/results/final/Acrobot-v1__ppo-cpu__default__002.json,9bedd51e614455c48ae7561ec759d1ee5157300675a1d4036f3ab1d6765e1505
control-clock-final,observed_training_run,Acrobot-v1,ppo-cpu,default,3,-90.29,undiscounted_episode_return_at_stopping,100,262144,True,solved,results/final/Acrobot-v1__ppo-cpu__default__003.json,https://raw.githubusercontent.com/mottopanikeiku/control-clock/ee9c303de8e7698ca25569fc585e173e3e172bb8/results/final/Acrobot-v1__ppo-cpu__default__003.json,2279fc16efee2a70c507a51ea28c47a425fbff029ade8647890a4590281e98ca
control-clock-final,observed_training_run,Acrobot-v1,ppo-cpu,default,4,-93.93,undiscounted_episode_return_at_stopping,100,311296,True,solved,results/final/Acrobot-v1__ppo-cpu__default__004.json,https://raw.githubusercontent.com/mottopanikeiku/control-clock/ee9c303de8e7698ca25569fc585e173e3e172bb8/results/final/Acrobot-v1__ppo-cpu__default__004.json,708079ac6793233f3f4a654fa0d2259790a58e750e1b306433f880ed73ab8faa
control-clock-final,observed_training_run,Acrobot-v1,ppo-cpu,default,5,-81.85,undiscounted_episode_return_at_stopping,100,114688,True,solved,results/final/Acrobot-v1__ppo-cpu__default__005.json,https://raw.githubusercontent.com/mottopanikeiku/control-clock/ee9c303de8e7698ca25569fc585e173e3e172bb8/results/final/Acrobot-v1__ppo-cpu__default__005.json,824ede747848079eda030c3e2172b34ca753b2e57cb9e2865b204aef4045a8c1
control-clock-final,observed_training_run,Acrobot-v1,ppo-cpu,default,6,-98.11,undiscounted_episode_return_at_stopping,100,409600,True,solved,results/final/Acrobot-v1__ppo-cpu__default__006.json,https://raw.githubusercontent.com/mottopanikeiku/control-clock/ee9c303de8e7698ca25569fc585e173e3e172bb8/results/final/Acrobot-v1__ppo-cpu__default__006.json,ef23203c538be801d5c87138692a43a978baaec84c95a912f8e09ab3b773e2f7
control-clock-final,observed_training_run,Acrobot-v1,ppo-cpu,default,7,-91.75,undiscounted_episode_return_at_stopping,100,245760,True,solved,results/final/Acrobot-v1__ppo-cpu__default__007.json,https://raw.githubusercontent.com/mottopanikeiku/control-clock/ee9c303de8e7698ca25569fc585e173e3e172bb8/results/final/Acrobot-v1__ppo-cpu__default__007.json,d450363146735430822941c790670b372c4aa54e708ab4d1d9c541963fb252f6
control-clock-final,observed_training_run,Acrobot-v1,ppo-cpu,default,8,-98.6,undiscounted_episode_return_at_stopping,100,360448,True,solved,results/final/Acrobot-v1__ppo-cpu__default__008.json,https://raw.githubusercontent.com/mottopanikeiku/control-clock/ee9c303de8e7698ca25569fc585e173e3e172bb8/results/final/Acrobot-v1__ppo-cpu__default__008.json,699ab31139ae81c06a28ca951849c12d4191292e99b864467b0d87947ed242e1
control-clock-final,observed_training_run,Acrobot-v1,ppo-cpu,default,9,-96.92,undiscounted_episode_return_at_stopping,100,212992,True,solved,results/final/Acrobot-v1__ppo-cpu__default__009.json,https://raw.githubusercontent.com/mottopanikeiku/control-clock/ee9c303de8e7698ca25569fc585e173e3e172bb8/results/final/Acrobot-v1__ppo-cpu__default__009.json,89239a3dbc2889a9c13a437f178d2638b708fb415f4ab42b4efba1f571fd0c2d
control-clock-final,observed_training_run,Acrobot-v1,ppo-cpu,default,10,-98.6,undiscounted_episode_return_at_stopping,100,262144,True,solved,results/final/Acrobot-v1__ppo-cpu__default__010.json,https://raw.githubusercontent.com/mottopanikeiku/control-clock/ee9c303de8e7698ca25569fc585e173e3e172bb8/results/final/Acrobot-v1__ppo-cpu__default__010.json,cd4a8aef9eb71627209f06a5363623de983c08d9357f570239d035a9d74a0eaf
control-clock-final,observed_training_run,Acrobot-v1,ppo-cpu,default,11,-93.3,undiscounted_episode_return_at_stopping,100,180224,True,solved,results/final/Acrobot-v1__ppo-cpu__default__011.json,https://raw.githubusercontent.com/mottopanikeiku/control-clock/ee9c303de8e7698ca25569fc585e173e3e172bb8/results/final/Acrobot-v1__ppo-cpu__default__011.json,5af396fa4ef8690a72af1458b6c59ca0710103a97ed5244e72f33858d4387fb4
control-clock-final,observed_training_run,Acrobot-v1,ppo-cpu,default,12,-97.54,undiscounted_episode_return_at_stopping,100,770048,True,solved,results/final/Acrobot-v1__ppo-cpu__default__012.json,https://raw.githubusercontent.com/mottopanikeiku/control-clock/ee9c303de8e7698ca25569fc585e173e3e172bb8/results/final/Acrobot-v1__ppo-cpu__default__012.json,846fe33989380bddc7d3145431736019712026ab7be748bf5190d5e9afd1ec68
control-clock-final,observed_training_run,Acrobot-v1,ppo-cpu,default,13,-96.83,undiscounted_episode_return_at_stopping,100,229376,True,solved,results/final/Acrobot-v1__ppo-cpu__default__013.json,https://raw.githubusercontent.com/mottopanikeiku/control-clock/ee9c303de8e7698ca25569fc585e173e3e172bb8/results/final/Acrobot-v1__ppo-cpu__default__013.json,9cced83370dcd5fc95bac1cb28fef3cb0ac84d45d03d85ee50455a99052da8ae
control-clock-final,observed_training_run,Acrobot-v1,ppo-cpu,default,14,-96.88,undiscounted_episode_return_at_stopping,100,180224,True,solved,results/final/Acrobot-v1__ppo-cpu__default__014.json,https://raw.githubusercontent.com/mottopanikeiku/control-clock/ee9c303de8e7698ca25569fc585e173e3e172bb8/results/final/Acrobot-v1__ppo-cpu__default__014.json,f6af8a897693effb53d120ec0571e062a5a566ff4918784d06359ad685a234e6
control-clock-final,observed_training_run,Acrobot-v1,ppo-cpu,default,15,-91.73,undiscounted_episode_return_at_stopping,100,262144,True,solved,results/final/Acrobot-v1__ppo-cpu__default__015.json,https://raw.githubusercontent.com/mottopanikeiku/control-clock/ee9c303de8e7698ca25569fc585e173e3e172bb8/results/final/Acrobot-v1__ppo-cpu__default__015.json,5f39e74c486aad3964f33248357fdd599a670e6f7a5d810c99587bf9aeefbcfc
control-clock-final,observed_training_run,Acrobot-v1,ppo-cpu,default,16,-95.42,undiscounted_episode_return_at_stopping,100,327680,True,solved,results/final/Acrobot-v1__ppo-cpu__default__016.json,https://raw.githubusercontent.com/mottopanikeiku/control-clock/ee9c303de8e7698ca25569fc585e173e3e172bb8/results/final/Acrobot-v1__ppo-cpu__default__016.json,4945f1bb1aeb07b2e9cfa4d373b2b5869fa44687eb2f94931f0eafe7ea743494
control-clock-final,observed_training_run,Acrobot-v1,ppo-cpu,default,17,-94.04,undiscounted_episode_return_at_stopping,100,196608,True,solved,results/final/Acrobot-v1__ppo-cpu__default__017.json,https://raw.githubusercontent.com/mottopanikeiku/control-clock/ee9c303de8e7698ca25569fc585e173e3e172bb8/results/final/Acrobot-v1__ppo-cpu__default__017.json,5069be2cb7472625f47b2a1c157934d4ac5012adcdd7deb6713bd8258f70151a
control-clock-final,observed_training_run,Acrobot-v1,ppo-cpu,default,18,-95.94,undiscounted_episode_return_at_stopping,100,245760,True,solved,results/final/Acrobot-v1__ppo-cpu__default__018.json,https://raw.githubusercontent.com/mottopanikeiku/control-clock/ee9c303de8e7698ca25569fc585e173e3e172bb8/results/final/Acrobot-v1__ppo-cpu__default__018.json,48dac58dc9b6f3cd321eba6e603095474bc0ef069a76bbbd945b9efccdbe8685
control-clock-final,observed_training_run,Acrobot-v1,ppo-cpu,default,19,-95.57,undiscounted_episode_return_at_stopping,100,0,True,solved,results/final/Acrobot-v1__ppo-cpu__default__019.json,https://raw.githubusercontent.com/mottopanikeiku/control-clock/ee9c303de8e7698ca25569fc585e173e3e172bb8/results/final/Acrobot-v1__ppo-cpu__default__019.json,d38347c5a41f6b669f61626cd68ba74c6c1ab9144d8b26e21986cd7e3407b6c2
control-clock-final,observed_training_run,Acrobot-v1,sb3-zoo,default,0,-82.3,undiscounted_episode_return_at_stopping,100,36864,True,solved,results/final/Acrobot-v1__sb3-zoo__default__000.json,https://raw.githubusercontent.com/mottopanikeiku/control-clock/ee9c303de8e7698ca25569fc585e173e3e172bb8/results/final/Acrobot-v1__sb3-zoo__default__000.json,a0b905665e47839799bc008a50921ef41a22af87d257000c79e8851fc62e8f90
control-clock-final,observed_training_run,Acrobot-v1,sb3-zoo,default,1,-81.83,undiscounted_episode_return_at_stopping,100,36864,True,solved,results/final/Acrobot-v1__sb3-zoo__default__001.json,https://raw.githubusercontent.com/mottopanikeiku/control-clock/ee9c303de8e7698ca25569fc585e173e3e172bb8/results/final/Acrobot-v1__sb3-zoo__default__001.json,d83afcb20731493958c65fac96c95832304ea8a489e37f85006c1d1f13c45902
control-clock-final,observed_training_run,Acrobot-v1,sb3-zoo,default,2,-97.51,undiscounted_episode_return_at_stopping,100,49152,True,solved,results/final/Acrobot-v1__sb3-zoo__default__002.json,https://raw.githubusercontent.com/mottopanikeiku/control-clock/ee9c303de8e7698ca25569fc585e173e3e172bb8/results/final/Acrobot-v1__sb3-zoo__default__002.json,13e9b4af4d3530316f759f32c7f30bc7e8b210197253d7e64c48406d751f6e16
control-clock-final,observed_training_run,Acrobot-v1,sb3-zoo,default,3,-99.08,undiscounted_episode_return_at_stopping,100,12288,True,solved,results/final/Acrobot-v1__sb3-zoo__default__003.json,https://raw.githubusercontent.com/mottopanikeiku/control-clock/ee9c303de8e7698ca25569fc585e173e3e172bb8/results/final/Acrobot-v1__sb3-zoo__default__003.json,25b92118702dc1c42b2115e10b2ec5da4b49dc774e91cad850b47ab9fd0a06d7
control-clock-final,observed_training_run,Acrobot-v1,sb3-zoo,default,4,-98.45,undiscounted_episode_return_at_stopping,100,49152,True,solved,results/final/Acrobot-v1__sb3-zoo__default__004.json,https://raw.githubusercontent.com/mottopanikeiku/control-clock/ee9c303de8e7698ca25569fc585e173e3e172bb8/results/final/Acrobot-v1__sb3-zoo__default__004.json,731a631dbbc8fb25fb25a951aa99f7acd63562a334d6d9520564156685d00629
control-clock-final,observed_training_run,CartPole-v1,ars,default,0,499.47,undiscounted_episode_return_at_stopping,100,142461,True,solved,results/final/CartPole-v1__ars__default__000.json,https://raw.githubusercontent.com/mottopanikeiku/control-clock/ee9c303de8e7698ca25569fc585e173e3e172bb8/results/final/CartPole-v1__ars__default__000.json,9ff707a7a65c446a033b04040fdf9e0987437c6d0eae35b31fb7ced4cbd105b7
control-clock-final,observed_training_run,CartPole-v1,ars,default,1,482.68,undiscounted_episode_return_at_stopping,100,87126,True,solved,results/final/CartPole-v1__ars__default__001.json,https://raw.githubusercontent.com/mottopanikeiku/control-clock/ee9c303de8e7698ca25569fc585e173e3e172bb8/results/final/CartPole-v1__ars__default__001.json,618468d8bfba22bebff2600cbcb633184051156b386e1e34f568a9a5bcac2e6a
control-clock-final,observed_training_run,CartPole-v1,ars,default,2,500.0,undiscounted_episode_return_at_stopping,100,91331,True,solved,results/final/CartPole-v1__ars__default__002.json,https://raw.githubusercontent.com/mottopanikeiku/control-clock/ee9c303de8e7698ca25569fc585e173e3e172bb8/results/final/CartPole-v1__ars__default__002.json,8329226bb37056bed9a57939f95f8109375ae90f50da54fcbc6eb5c509767c0c
control-clock-final,observed_training_run,CartPole-v1,ars,default,3,486.54,undiscounted_episode_return_at_stopping,100,67764,True,solved,results/final/CartPole-v1__ars__default__003.json,https://raw.githubusercontent.com/mottopanikeiku/control-clock/ee9c303de8e7698ca25569fc585e173e3e172bb8/results/final/CartPole-v1__ars__default__003.json,7c91d47895065dab6e8b9c90c088cfcd684a0022486908658e444883b700f155
control-clock-final,observed_training_run,CartPole-v1,ars,default,4,483.09,undiscounted_episode_return_at_stopping,100,53862,True,solved,results/final/CartPole-v1__ars__default__004.json,https://raw.githubusercontent.com/mottopanikeiku/control-clock/ee9c303de8e7698ca25569fc585e173e3e172bb8/results/final/CartPole-v1__ars__default__004.json,d3e70165ceac9a8c71c97caee5c8e66815b270a55295e68ad67da03d393c3034
control-clock-final,observed_training_run,CartPole-v1,ars,default,5,498.83,undiscounted_episode_return_at_stopping,100,57522,True,solved,results/final/CartPole-v1__ars__default__005.json,https://raw.githubusercontent.com/mottopanikeiku/control-clock/ee9c303de8e7698ca25569fc585e173e3e172bb8/results/final/CartPole-v1__ars__default__005.json,5e42e4395e4f3a3d56b5f7e28fd3d7a4e80da21d8e8aedb52f1b197676ce5e11
control-clock-final,observed_training_run,CartPole-v1,ars,default,6,498.41,undiscounted_episode_return_at_stopping,100,52140,True,solved,results/final/CartPole-v1__ars__default__006.json,https://raw.githubusercontent.com/mottopanikeiku/control-clock/ee9c303de8e7698ca25569fc585e173e3e172bb8/results/final/CartPole-v1__ars__default__006.json,28eb636f430cf54c2c5064d2f779b3663bafdecd4cd3de4b1ac68d648a7085c5
control-clock-final,observed_training_run,CartPole-v1,ars,default,7,500.0,undiscounted_episode_return_at_stopping,100,99354,True,solved,results/final/CartPole-v1__ars__default__007.json,https://raw.githubusercontent.com/mottopanikeiku/control-clock/ee9c303de8e7698ca25569fc585e173e3e172bb8/results/final/CartPole-v1__ars__default__007.json,c320e53ee63811063542d3c9cf80d461f4b8f004c92cbbb30713c82354fd77a4
control-clock-final,observed_training_run,CartPole-v1,ars,default,8,491.97,undiscounted_episode_return_at_stopping,100,30696,True,solved,results/final/CartPole-v1__ars__default__008.json,https://raw.githubusercontent.com/mottopanikeiku/control-clock/ee9c303de8e7698ca25569fc585e173e3e172bb8/results/final/CartPole-v1__ars__default__008.json,8e726297cc7f1e1f812f0ced1d8b18738d6797c2a1f89510b6a5573610721590
control-clock-final,observed_training_run,CartPole-v1,ars,default,9,500.0,undiscounted_episode_return_at_stopping,100,45291,True,solved,results/final/CartPole-v1__ars__default__009.json,https://raw.githubusercontent.com/mottopanikeiku/control-clock/ee9c303de8e7698ca25569fc585e173e3e172bb8/results/final/CartPole-v1__ars__default__009.json,2e0ebf7f854fe4f51bb19aee2676f3b6fa6d16eb8f65de1e7d572526da626cdf
control-clock-final,observed_training_run,CartPole-v1,ars,default,10,500.0,undiscounted_episode_return_at_stopping,100,79887,True,solved,results/final/CartPole-v1__ars__default__010.json,https://raw.githubusercontent.com/mottopanikeiku/control-clock/ee9c303de8e7698ca25569fc585e173e3e172bb8/results/final/CartPole-v1__ars__default__010.json,efcee904b18406e15247a4b3b7fb5b9932f27c06555078a265c04f9bda341e01
control-clock-final,observed_training_run,CartPole-v1,ars,default,11,498.35,undiscounted_episode_return_at_stopping,100,36796,True,solved,results/final/CartPole-v1__ars__default__011.json,https://raw.githubusercontent.com/mottopanikeiku/control-clock/ee9c303de8e7698ca25569fc585e173e3e172bb8/results/final/CartPole-v1__ars__default__011.json,aafece7f3060a2d5e83aefa6224c9a8b5a8f00ac27e772d821e673907e54f751
control-clock-final,observed_training_run,CartPole-v1,ars,default,12,500.0,undiscounted_episode_return_at_stopping,100,66385,True,solved,results/final/CartPole-v1__ars__default__012.json,https://raw.githubusercontent.com/mottopanikeiku/control-clock/ee9c303de8e7698ca25569fc585e173e3e172bb8/results/final/CartPole-v1__ars__default__012.json,27bb486e9b112cb29b6cd76185c49ab36b965a005178415b52e272fffce3cc3c
control-clock-final,observed_training_run,CartPole-v1,ars,default,13,476.53,undiscounted_episode_return_at_stopping,100,15061,True,solved,results/final/CartPole-v1__ars__default__013.json,https://raw.githubusercontent.com/mottopanikeiku/control-clock/ee9c303de8e7698ca25569fc585e173e3e172bb8/results/final/CartPole-v1__ars__default__013.json,538e609f9e761f880c21af716edf30ff9b25a975a45939321d015ad157270c2f
control-clock-final,observed_training_run,CartPole-v1,ars,default,14,499.97,undiscounted_episode_return_at_stopping,100,14876,True,solved,results/final/CartPole-v1__ars__default__014.json,https://raw.githubusercontent.com/mottopanikeiku/control-clock/ee9c303de8e7698ca25569fc585e173e3e172bb8/results/final/CartPole-v1__ars__default__014.json,230034e6acdb4194b589204ac8aa82bdef6effdee9df188607b8cc6675237fb3
control-clock-final,observed_training_run,CartPole-v1,ars,default,15,499.45,undiscounted_episode_return_at_stopping,100,22573,True,solved,results/final/CartPole-v1__ars__default__015.json,https://raw.githubusercontent.com/mottopanikeiku/control-clock/ee9c303de8e7698ca25569fc585e173e3e172bb8/results/final/CartPole-v1__ars__default__015.json,5112aa69aeed400f0b003509810fe8cabb5da4fd0f972c33ef4c56d3d9bc3d97
control-clock-final,observed_training_run,CartPole-v1,ars,default,16,500.0,undiscounted_episode_return_at_stopping,100,28961,True,solved,results/final/CartPole-v1__ars__default__016.json,https://raw.githubusercontent.com/mottopanikeiku/control-clock/ee9c303de8e7698ca25569fc585e173e3e172bb8/results/final/CartPole-v1__ars__default__016.json,c7cdfd6ebaef16f56d147baf1f9bbf7059cdf0e3fabbc7a5a4be71a614c75c67
control-clock-final,observed_training_run,CartPole-v1,ars,default,17,496.73,undiscounted_episode_return_at_stopping,100,103408,True,solved,results/final/CartPole-v1__ars__default__017.json,https://raw.githubusercontent.com/mottopanikeiku/control-clock/ee9c303de8e7698ca25569fc585e173e3e172bb8/results/final/CartPole-v1__ars__default__017.json,a3880551eff48d1dc79c4f7e491de193917547667039631cfc728a1029175562
control-clock-final,observed_training_run,CartPole-v1,ars,default,18,500.0,undiscounted_episode_return_at_stopping,100,84225,True,solved,results/final/CartPole-v1__ars__default__018.json,https://raw.githubusercontent.com/mottopanikeiku/control-clock/ee9c303de8e7698ca25569fc585e173e3e172bb8/results/final/CartPole-v1__ars__default__018.json,3262a025dfdaeed16b74c219244dc57eb4b6f4681f790df63ac5b84dd68ee4fa
control-clock-final,observed_training_run,CartPole-v1,ars,default,19,500.0,undiscounted_episode_return_at_stopping,100,164519,True,solved,results/final/CartPole-v1__ars__default__019.json,https://raw.githubusercontent.com/mottopanikeiku/control-clock/ee9c303de8e7698ca25569fc585e173e3e172bb8/results/final/CartPole-v1__ars__default__019.json,a5a4d1dc61399dd1ef6d7f10c4ccc2fc51a055d66ebc075d21f284899103192b
control-clock-final,observed_training_run,CartPole-v1,cem,default,0,500.0,undiscounted_episode_return_at_stopping,100,115840,True,solved,results/final/CartPole-v1__cem__default__000.json,https://raw.githubusercontent.com/mottopanikeiku/control-clock/ee9c303de8e7698ca25569fc585e173e3e172bb8/results/final/CartPole-v1__cem__default__000.json,b60897bcd26d25f1674eccf62666adb775d15c361cb815001ceb2cdf0080afdc
control-clock-final,observed_training_run,CartPole-v1,cem,default,1,480.8,undiscounted_episode_return_at_stopping,100,74768,True,solved,results/final/CartPole-v1__cem__default__001.json,https://raw.githubusercontent.com/mottopanikeiku/control-clock/ee9c303de8e7698ca25569fc585e173e3e172bb8/results/final/CartPole-v1__cem__default__001.json,4ccc6099db754cc6802fb3145b1588ef8530110d6a7b064079066321c824929a
control-clock-final,observed_training_run,CartPole-v1,cem,default,2,475.9,undiscounted_episode_return_at_stopping,100,98907,True,solved,results/final/CartPole-v1__cem__default__002.json,https://raw.githubusercontent.com/mottopanikeiku/control-clock/ee9c303de8e7698ca25569fc585e173e3e172bb8/results/final/CartPole-v1__cem__default__002.json,e6d320c41952acd2fbecdb982aebeef5545499d29609803050fc22e1f1f2ae79
control-clock-final,observed_training_run,CartPole-v1,cem,default,3,492.66,undiscounted_episode_return_at_stopping,100,56535,True,solved,results/final/CartPole-v1__cem__default__003.json,https://raw.githubusercontent.com/mottopanikeiku/control-clock/ee9c303de8e7698ca25569fc585e173e3e172bb8/results/final/CartPole-v1__cem__default__003.json,022c3a6ec2b69400ed897af59fc0431c91e87142a563568007cb48b3e7747b0b
control-clock-final,observed_training_run,CartPole-v1,cem,default,4,499.07,undiscounted_episode_return_at_stopping,100,138926,True,solved,results/final/CartPole-v1__cem__default__004.json,https://raw.githubusercontent.com/mottopanikeiku/control-clock/ee9c303de8e7698ca25569fc585e173e3e172bb8/results/final/CartPole-v1__cem__default__004.json,8253dfd780082190b28fa495ae03fbddc44f680457f4fa64e34d78c0bd18fbd3
control-clock-final,observed_training_run,CartPole-v1,cem,default,5,500.0,undiscounted_episode_return_at_stopping,100,17953,True,solved,results/final/CartPole-v1__cem__default__005.json,https://raw.githubusercontent.com/mottopanikeiku/control-clock/ee9c303de8e7698ca25569fc585e173e3e172bb8/results/final/CartPole-v1__cem__default__005.json,d7f49c03901fd627ecd050bd18b7b7bbfc24b4c5a05f4b6ae71a1f21358aa385
control-clock-final,observed_training_run,CartPole-v1,cem,default,6,495.2,undiscounted_episode_return_at_stopping,100,78044,True,solved,results/final/CartPole-v1__cem__default__006.json,https://raw.githubusercontent.com/mottopanikeiku/control-clock/ee9c303de8e7698ca25569fc585e173e3e172bb8/results/final/CartPole-v1__cem__default__006.json,45ce6d6fad0997aff124dd27eb7e0340686623bf6c2e06eea5b29480b4112085
control-clock-final,observed_training_run,CartPole-v1,cem,default,7,500.0,undiscounted_episode_return_at_stopping,100,185073,True,solved,results/final/CartPole-v1__cem__default__007.json,https://raw.githubusercontent.com/mottopanikeiku/control-clock/ee9c303de8e7698ca25569fc585e173e3e172bb8/results/final/CartPole-v1__cem__default__007.json,955695a68960e2c87b7a1fa73d8ea216cffeda749428acdc9e8e51a30acd29ab
control-clock-final,observed_training_run,CartPole-v1,cem,default,8,500.0,undiscounted_episode_return_at_stopping,100,128714,True,solved,results/final/CartPole-v1__cem__default__008.json,https://raw.githubusercontent.com/mottopanikeiku/control-clock/ee9c303de8e7698ca25569fc585e173e3e172bb8/results/final/CartPole-v1__cem__default__008.json,eba78b64222805a6f24a6445d208f641a51c667663d48f6c4cd2b48e6a82fdfa
control-clock-final,observed_training_run,CartPole-v1,cem,default,9,500.0,undiscounted_episode_return_at_stopping,100,198984,True,solved,results/final/CartPole-v1__cem__default__009.json,https://raw.githubusercontent.com/mottopanikeiku/control-clock/ee9c303de8e7698ca25569fc585e173e3e172bb8/results/final/CartPole-v1__cem__default__009.json,3ae16a6ff710e11776bed1c7e8a19acd0badffdc03bcabdcb8d159f16f507b99
control-clock-final,observed_training_run,CartPole-v1,cem,default,10,484.41,undiscounted_episode_return_at_stopping,100,107828,True,solved,results/final/CartPole-v1__cem__default__010.json,https://raw.githubusercontent.com/mottopanikeiku/control-clock/ee9c303de8e7698ca25569fc585e173e3e172bb8/results/final/CartPole-v1__cem__default__010.json,04d051b3e29ba9624e1f58075bfb16e1bd96954539c3edfb898c74d73cbf8601
control-clock-final,observed_training_run,CartPole-v1,cem,default,11,499.52,undiscounted_episode_return_at_stopping,100,74033,True,solved,results/final/CartPole-v1__cem__default__011.json,https://raw.githubusercontent.com/mottopanikeiku/control-clock/ee9c303de8e7698ca25569fc585e173e3e172bb8/results/final/CartPole-v1__cem__default__011.json,61165be9be26b339b74642b61fb6e4d95b4c70da3d5701d183d4c16d3b3b35dc
control-clock-final,observed_training_run,CartPole-v1,cem,default,12,500.0,undiscounted_episode_return_at_stopping,100,119952,True,solved,results/final/CartPole-v1__cem__default__012.json,https://raw.githubusercontent.com/mottopanikeiku/control-clock/ee9c303de8e7698ca25569fc585e173e3e172bb8/results/final/CartPole-v1__cem__default__012.json,5953fd2a32ca45d962b622cd35a9b0c6a81044b5086776695a17bc0c34c19a85
control-clock-final,observed_training_run,CartPole-v1,cem,default,13,489.09,undiscounted_episode_return_at_stopping,100,69333,True,solved,results/final/CartPole-v1__cem__default__013.json,https://raw.githubusercontent.com/mottopanikeiku/control-clock/ee9c303de8e7698ca25569fc585e173e3e172bb8/results/final/CartPole-v1__cem__default__013.json,37787be568c0cd011fa4667e0dcd09dddad334ed42df1fad87c5db40c71fe529
control-clock-final,observed_training_run,CartPole-v1,cem,default,14,499.2,undiscounted_episode_return_at_stopping,100,60792,True,solved,results/final/CartPole-v1__cem__default__014.json,https://raw.githubusercontent.com/mottopanikeiku/control-clock/ee9c303de8e7698ca25569fc585e173e3e172bb8/results/final/CartPole-v1__cem__default__014.json,f1a10a5c159fc9ce24e93b817137c1a3a68c1ae53c76efea52eaeb065b794a93
control-clock-final,observed_training_run,CartPole-v1,cem,default,15,498.88,undiscounted_episode_return_at_stopping,100,44472,True,solved,results/final/CartPole-v1__cem__default__015.json,https://raw.githubusercontent.com/mottopanikeiku/control-clock/ee9c303de8e7698ca25569fc585e173e3e172bb8/results/final/CartPole-v1__cem__default__015.json,c86bb4ac385f45ea64c2d060314395112232623759a04d65caaf621dafdc6349
control-clock-final,observed_training_run,CartPole-v1,cem,default,16,499.8,undiscounted_episode_return_at_stopping,100,46011,True,solved,results/final/CartPole-v1__cem__default__016.json,https://raw.githubusercontent.com/mottopanikeiku/control-clock/ee9c303de8e7698ca25569fc585e173e3e172bb8/results/final/CartPole-v1__cem__default__016.json,fd65f628e97a1202ecfc8a7fb8e40738ebfccd9f3d6d0ead1fade296095f855e
control-clock-final,observed_training_run,CartPole-v1,cem,default,17,500.0,undiscounted_episode_return_at_stopping,100,149894,True,solved,results/final/CartPole-v1__cem__default__017.json,https://raw.githubusercontent.com/mottopanikeiku/control-clock/ee9c303de8e7698ca25569fc585e173e3e172bb8/results/final/CartPole-v1__cem__default__017.json,a42a33518e7401274074d601941baa6c82d8fcded6d13e3b12d9f966f8f29412
control-clock-final,observed_training_run,CartPole-v1,cem,default,18,500.0,undiscounted_episode_return_at_stopping,100,90543,True,solved,results/final/CartPole-v1__cem__default__018.json,https://raw.githubusercontent.com/mottopanikeiku/control-clock/ee9c303de8e7698ca25569fc585e173e3e172bb8/results/final/CartPole-v1__cem__default__018.json,ef20a7534654beecc8ce2317959e363dbcc0d42bf1dad684e58703228ccc1fc6
control-clock-final,observed_training_run,CartPole-v1,cem,default,19,496.83,undiscounted_episode_return_at_stopping,100,81400,True,solved,results/final/CartPole-v1__cem__default__019.json,https://raw.githubusercontent.com/mottopanikeiku/control-clock/ee9c303de8e7698ca25569fc585e173e3e172bb8/results/final/CartPole-v1__cem__default__019.json,5f9a75b4d359f53cae69fc2b9d2981583384226f88d9733d93e9236e071d3249
control-clock-final,observed_training_run,CartPole-v1,cleanrl,default,0,500.0,undiscounted_episode_return_at_stopping,100,30720,True,solved,results/final/CartPole-v1__cleanrl__default__000.json,https://raw.githubusercontent.com/mottopanikeiku/control-clock/ee9c303de8e7698ca25569fc585e173e3e172bb8/results/final/CartPole-v1__cleanrl__default__000.json,398e2db3088a96233a5e9bedcd7d4525b0af30062a6a33952335e6ab8628e68d
control-clock-final,observed_training_run,CartPole-v1,cleanrl,default,1,485.94,undiscounted_episode_return_at_stopping,100,61440,True,solved,results/final/CartPole-v1__cleanrl__default__001.json,https://raw.githubusercontent.com/mottopanikeiku/control-clock/ee9c303de8e7698ca25569fc585e173e3e172bb8/results/final/CartPole-v1__cleanrl__default__001.json,8db9789df81dfbf139a4a0ce5457d2af073ce1ef96d5d69af66ccd4201fdaf96
control-clock-final,observed_training_run,CartPole-v1,cleanrl,default,2,483.61,undiscounted_episode_return_at_stopping,100,40960,True,solved,results/final/CartPole-v1__cleanrl__default__002.json,https://raw.githubusercontent.com/mottopanikeiku/control-clock/ee9c303de8e7698ca25569fc585e173e3e172bb8/results/final/CartPole-v1__cleanrl__default__002.json,daa8db23d4814b95689a20f603f4ad258ac96b2252e63711f4e620f54b81c4da
control-clock-final,observed_training_run,CartPole-v1,cleanrl,default,3,481.71,undiscounted_episode_return_at_stopping,100,40960,True,solved,results/final/CartPole-v1__cleanrl__default__003.json,https://raw.githubusercontent.com/mottopanikeiku/control-clock/ee9c303de8e7698ca25569fc585e173e3e172bb8/results/final/CartPole-v1__cleanrl__default__003.json,06d7ea783a8c4668d9e68ddaa1db12feb9c50863c00f4fdb263650a473257592
control-clock-final,observed_training_run,CartPole-v1,cleanrl,default,4,479.99,undiscounted_episode_return_at_stopping,100,40960,True,solved,results/final/CartPole-v1__cleanrl__default__004.json,https://raw.githubusercontent.com/mottopanikeiku/control-clock/ee9c303de8e7698ca25569fc585e173e3e172bb8/results/final/CartPole-v1__cleanrl__default__004.json,f212893dbc52a46bff46eb92fd86a460faede379f3b1a4013a097f0b684a08dc
control-clock-final,observed_training_run,CartPole-v1,ppo-cpu,zoo-shape,0,500.0,undiscounted_episode_return_at_stopping,100,30720,True,solved,results/final/CartPole-v1__ppo-cpu__zoo-shape__000.json,https://raw.githubusercontent.com/mottopanikeiku/control-clock/ee9c303de8e7698ca25569fc585e173e3e172bb8/results/final/CartPole-v1__ppo-cpu__zoo-shape__000.json,fba3b629536a95bbf70c6b40069f7dc485cd20ee5c58a0de4ecdb3344080c219
control-clock-final,observed_training_run,CartPole-v1,ppo-cpu,zoo-shape,1,500.0,undiscounted_episode_return_at_stopping,100,20480,True,solved,results/final/CartPole-v1__ppo-cpu__zoo-shape__001.json,https://raw.githubusercontent.com/mottopanikeiku/control-clock/ee9c303de8e7698ca25569fc585e173e3e172bb8/results/final/CartPole-v1__ppo-cpu__zoo-shape__001.json,b24b5f2f35f2f6724492e7f808402ab6a10e31d3e8d60a8a2138cf73a3295652
control-clock-final,observed_training_run,CartPole-v1,ppo-cpu,zoo-shape,2,500.0,undiscounted_episode_return_at_stopping,100,20480,True,solved,results/final/CartPole-v1__ppo-cpu__zoo-shape__002.json,https://raw.githubusercontent.com/mottopanikeiku/control-clock/ee9c303de8e7698ca25569fc585e173e3e172bb8/results/final/CartPole-v1__ppo-cpu__zoo-shape__002.json,4d9ece9a11d9e8794056dfd6ffbdce64e23837c18e140fc21e017394d0306e11
control-clock-final,observed_training_run,CartPole-v1,ppo-cpu,zoo-shape,3,493.35,undiscounted_episode_return_at_stopping,100,30720,True,solved,results/final/CartPole-v1__ppo-cpu__zoo-shape__003.json,https://raw.githubusercontent.com/mottopanikeiku/control-clock/ee9c303de8e7698ca25569fc585e173e3e172bb8/results/final/CartPole-v1__ppo-cpu__zoo-shape__003.json,b9cd655d29d766d491e7e192a8656c9171c89bafc4a2fab79c6b583bd5e951bc
control-clock-final,observed_training_run,CartPole-v1,ppo-cpu,zoo-shape,4,500.0,undiscounted_episode_return_at_stopping,100,0,True,solved,results/final/CartPole-v1__ppo-cpu__zoo-shape__004.json,https://raw.githubusercontent.com/mottopanikeiku/control-clock/ee9c303de8e7698ca25569fc585e173e3e172bb8/results/final/CartPole-v1__ppo-cpu__zoo-shape__004.json,a8b98a66aba454012761b6bafddeda5a6506e3a7e88ce0d3c493d38e41e6d694
control-clock-final,observed_training_run,CartPole-v1,ppo-cpu,zoo-shape,5,499.44,undiscounted_episode_return_at_stopping,100,10240,True,solved,results/final/CartPole-v1__ppo-cpu__zoo-shape__005.json,https://raw.githubusercontent.com/mottopanikeiku/control-clock/ee9c303de8e7698ca25569fc585e173e3e172bb8/results/final/CartPole-v1__ppo-cpu__zoo-shape__005.json,ce2e810c6e281a2fcdd4e9ad1befa6eb768162169207ca9e6dbd98fe58f5c894
control-clock-final,observed_training_run,CartPole-v1,ppo-cpu,zoo-shape,6,495.55,undiscounted_episode_return_at_stopping,100,10240,True,solved,results/final/CartPole-v1__ppo-cpu__zoo-shape__006.json,https://raw.githubusercontent.com/mottopanikeiku/control-clock/ee9c303de8e7698ca25569fc585e173e3e172bb8/results/final/CartPole-v1__ppo-cpu__zoo-shape__006.json,ca87336ed9dc8517f05d2a9aedeb0c4d7232044bb01b11362471a011600622a4
control-clock-final,observed_training_run,CartPole-v1,ppo-cpu,zoo-shape,7,476.8,undiscounted_episode_return_at_stopping,100,20480,True,solved,results/final/CartPole-v1__ppo-cpu__zoo-shape__007.json,https://raw.githubusercontent.com/mottopanikeiku/control-clock/ee9c303de8e7698ca25569fc585e173e3e172bb8/results/final/CartPole-v1__ppo-cpu__zoo-shape__007.json,9c1dd090421258e9a129ade66714c665045800a54fc59727bfa4a0089f2eeaf2
control-clock-final,observed_training_run,CartPole-v1,ppo-cpu,zoo-shape,8,500.0,undiscounted_episode_return_at_stopping,100,30720,True,solved,results/final/CartPole-v1__ppo-cpu__zoo-shape__008.json,https://raw.githubusercontent.com/mottopanikeiku/control-clock/ee9c303de8e7698ca25569fc585e173e3e172bb8/results/final/CartPole-v1__ppo-cpu__zoo-shape__008.json,89f37b4882f8fdb475dd3a745a74d272861366d4af67b63292a664a319ea500a
control-clock-final,observed_training_run,CartPole-v1,ppo-cpu,zoo-shape,9,500.0,undiscounted_episode_return_at_stopping,100,30720,True,solved,results/final/CartPole-v1__ppo-cpu__zoo-shape__009.json,https://raw.githubusercontent.com/mottopanikeiku/control-clock/ee9c303de8e7698ca25569fc585e173e3e172bb8/results/final/CartPole-v1__ppo-cpu__zoo-shape__009.json,1f810df3143cc1bc0a7cc0a7dfa11001235df1f578bcfc2bf9119d9a401d8378
control-clock-final,observed_training_run,CartPole-v1,ppo-cpu,zoo-shape,10,484.03,undiscounted_episode_return_at_stopping,100,10240,True,solved,results/final/CartPole-v1__ppo-cpu__zoo-shape__010.json,https://raw.githubusercontent.com/mottopanikeiku/control-clock/ee9c303de8e7698ca25569fc585e173e3e172bb8/results/final/CartPole-v1__ppo-cpu__zoo-shape__010.json,fdc03cd7a772c091ef5718be274e5e3c6cffe394877062f2b553a762790c4dd2
control-clock-final,observed_training_run,CartPole-v1,ppo-cpu,zoo-shape,11,497.3,undiscounted_episode_return_at_stopping,100,30720,True,solved,results/final/CartPole-v1__ppo-cpu__zoo-shape__011.json,https://raw.githubusercontent.com/mottopanikeiku/control-clock/ee9c303de8e7698ca25569fc585e173e3e172bb8/results/final/CartPole-v1__ppo-cpu__zoo-shape__011.json,754e5d5e81521b5a334fece39f6e782ff68db0ed752f87e7ba3aa14f0f55969f
control-clock-final,observed_training_run,CartPole-v1,ppo-cpu,zoo-shape,12,500.0,undiscounted_episode_return_at_stopping,100,10240,True,solved,results/final/CartPole-v1__ppo-cpu__zoo-shape__012.json,https://raw.githubusercontent.com/mottopanikeiku/control-clock/ee9c303de8e7698ca25569fc585e173e3e172bb8/results/final/CartPole-v1__ppo-cpu__zoo-shape__012.json,56c492bbfd255bb73a92cb7d040d9e3627ee9f804257f342a126d162b0828c0b
control-clock-final,observed_training_run,CartPole-v1,ppo-cpu,zoo-shape,13,500.0,undiscounted_episode_return_at_stopping,100,30720,True,solved,results/final/CartPole-v1__ppo-cpu__zoo-shape__013.json,https://raw.githubusercontent.com/mottopanikeiku/control-clock/ee9c303de8e7698ca25569fc585e173e3e172bb8/results/final/CartPole-v1__ppo-cpu__zoo-shape__013.json,60bebf31a915959471726f4f1108988e8c008dc6fac189f1849f39cc1a1bfd34
control-clock-final,observed_training_run,CartPole-v1,ppo-cpu,zoo-shape,14,500.0,undiscounted_episode_return_at_stopping,100,10240,True,solved,results/final/CartPole-v1__ppo-cpu__zoo-shape__014.json,https://raw.githubusercontent.com/mottopanikeiku/control-clock/ee9c303de8e7698ca25569fc585e173e3e172bb8/results/final/CartPole-v1__ppo-cpu__zoo-shape__014.json,dcbdd8cb051d33c860634315ac35557a26a5908e2af8abe3b9c0f6b35e24b3c7
control-clock-final,observed_training_run,CartPole-v1,ppo-cpu,zoo-shape,15,498.99,undiscounted_episode_return_at_stopping,100,20480,True,solved,results/final/CartPole-v1__ppo-cpu__zoo-shape__015.json,https://raw.githubusercontent.com/mottopanikeiku/control-clock/ee9c303de8e7698ca25569fc585e173e3e172bb8/results/final/CartPole-v1__ppo-cpu__zoo-shape__015.json,4103cd45c3780c71713d98722aad848caa41fdba0c44a4ccde51aff6da8a1ad1
control-clock-final,observed_training_run,CartPole-v1,ppo-cpu,zoo-shape,16,500.0,undiscounted_episode_return_at_stopping,100,20480,True,solved,results/final/CartPole-v1__ppo-cpu__zoo-shape__016.json,https://raw.githubusercontent.com/mottopanikeiku/control-clock/ee9c303de8e7698ca25569fc585e173e3e172bb8/results/final/CartPole-v1__ppo-cpu__zoo-shape__016.json,1dfd2b37959222d3ac1a2c8e4b7f1f005bdc26b1e42927c6231a84cec6ed6593
control-clock-final,observed_training_run,CartPole-v1,ppo-cpu,zoo-shape,17,492.54,undiscounted_episode_return_at_stopping,100,30720,True,solved,results/final/CartPole-v1__ppo-cpu__zoo-shape__017.json,https://raw.githubusercontent.com/mottopanikeiku/control-clock/ee9c303de8e7698ca25569fc585e173e3e172bb8/results/final/CartPole-v1__ppo-cpu__zoo-shape__017.json,7db4f7f57f8c11685282cf12e3335e234fbecb9fbed8e7bec21ed5df9466c43b
control-clock-final,observed_training_run,CartPole-v1,ppo-cpu,zoo-shape,18,500.0,undiscounted_episode_return_at_stopping,100,40960,True,solved,results/final/CartPole-v1__ppo-cpu__zoo-shape__018.json,https://raw.githubusercontent.com/mottopanikeiku/control-clock/ee9c303de8e7698ca25569fc585e173e3e172bb8/results/final/CartPole-v1__ppo-cpu__zoo-shape__018.json,89a4b58cc0d0723f450612741f2389a38882337e80c5cbf0bfe641ab9c28dc28
control-clock-final,observed_training_run,CartPole-v1,ppo-cpu,zoo-shape,19,500.0,undiscounted_episode_return_at_stopping,100,30720,True,solved,results/final/CartPole-v1__ppo-cpu__zoo-shape__019.json,https://raw.githubusercontent.com/mottopanikeiku/control-clock/ee9c303de8e7698ca25569fc585e173e3e172bb8/results/final/CartPole-v1__ppo-cpu__zoo-shape__019.json,d1c188bf123fd02adc3f5520d118c3438664a802a443f0602adae59468ab3713
control-clock-final,observed_training_run,CartPole-v1,sb3-zoo,default,0,500.0,undiscounted_episode_return_at_stopping,100,20480,True,solved,results/final/CartPole-v1__sb3-zoo__default__000.json,https://raw.githubusercontent.com/mottopanikeiku/control-clock/ee9c303de8e7698ca25569fc585e173e3e172bb8/results/final/CartPole-v1__sb3-zoo__default__000.json,162e917af78af7fa434378df1990d0a2406f7f9d23f0f5aa77631f72d52792f2
control-clock-final,observed_training_run,CartPole-v1,sb3-zoo,default,1,500.0,undiscounted_episode_return_at_stopping,100,20480,True,solved,results/final/CartPole-v1__sb3-zoo__default__001.json,https://raw.githubusercontent.com/mottopanikeiku/control-clock/ee9c303de8e7698ca25569fc585e173e3e172bb8/results/final/CartPole-v1__sb3-zoo__default__001.json,217aad6f28cbd4e21d38c151e1f651b0fd54bea922fc2f03bbaca37d37da2122
control-clock-final,observed_training_run,CartPole-v1,sb3-zoo,default,2,500.0,undiscounted_episode_return_at_stopping,100,10240,True,solved,results/final/CartPole-v1__sb3-zoo__default__002.json,https://raw.githubusercontent.com/mottopanikeiku/control-clock/ee9c303de8e7698ca25569fc585e173e3e172bb8/results/final/CartPole-v1__sb3-zoo__default__002.json,7c733456353c27c6d6bc3f9b5736c6a270431dfbf5be0f0af0b2b7690dabafe9
control-clock-final,observed_training_run,CartPole-v1,sb3-zoo,default,3,500.0,undiscounted_episode_return_at_stopping,100,40960,True,solved,results/final/CartPole-v1__sb3-zoo__default__003.json,https://raw.githubusercontent.com/mottopanikeiku/control-clock/ee9c303de8e7698ca25569fc585e173e3e172bb8/results/final/CartPole-v1__sb3-zoo__default__003.json,9a0ebd68f81ab8ce9e71835ced42b59fb546f7542e71324dabba00145ef6e5a1
control-clock-final,observed_training_run,CartPole-v1,sb3-zoo,default,4,500.0,undiscounted_episode_return_at_stopping,100,20480,True,solved,results/final/CartPole-v1__sb3-zoo__default__004.json,https://raw.githubusercontent.com/mottopanikeiku/control-clock/ee9c303de8e7698ca25569fc585e173e3e172bb8/results/final/CartPole-v1__sb3-zoo__default__004.json,bc129f5bfc1943bad59d67cc6589e2780d27b9d58defd79da3a827955bc442fd
