task,comparison_index,repetition,a,b,null_control,pilot_mean_a,pilot_mean_b,pilot_variance_a,pilot_variance_b,pilot_effect_a_minus_b,required_seeds_per_arm,status,modeled_power,confirmation_mean_a,confirmation_mean_b,confirmation_variance_a,confirmation_variance_b,confirmation_effect_a_minus_b,pvalue,degeneracy,detected,opposite_direction
CartPole-v1,0,0,ars2,ars4,False,275.7265625,213.6640625,19714.180733816964,24600.399483816964,62.0625,92,planned,0.8030907967676367,165.5570652173913,237.3899456521739,14628.809207775917,24117.477366892625,-71.8328804347826,0.0005922021395089293,,True,True
CartPole-v1,0,1,ars2,ars4,False,156.7109375,266.1171875,20768.376046316964,30845.098702566964,-109.40625,35,planned,0.8015171607236211,154.46607142857144,217.81071428571428,19978.05361738445,25359.398778886556,-63.344642857142844,0.08296650852822507,,False,False
CartPole-v1,0,2,ars2,ars4,False,80.5859375,239.3203125,1204.986537388393,20444.652273995536,-158.734375,9,planned,0.8200172914887429,182.27777777777777,269.74305555555554,17337.932725694445,20503.800238715277,-87.46527777777777,0.19628909294446992,,False,False
CartPole-v1,0,4,ars2,ars4,False,92.8828125,182.5234375,1359.79736328125,20669.427385602678,-89.640625,24,planned,0.8127396335756533,157.51822916666666,213.79166666666666,20825.09968721694,30760.827672101455,-56.2734375,0.23125183687372214,,False,False
CartPole-v1,0,5,ars2,ars4,False,118.5,214.3359375,1919.6640625,8924.180733816964,-95.8359375,11,planned,0.8104360419921424,149.07954545454547,218.3068181818182,13102.126633522728,17085.165980113637,-69.22727272727272,0.20151532027277347,,False,False
CartPole-v1,0,6,ars2,ars4,False,98.7421875,187.328125,2042.6924525669642,19966.162667410714,-88.5859375,24,planned,0.8057811087717912,134.57291666666666,252.61979166666666,13844.699954710146,20375.86138473732,-118.046875,0.003120614395669935,,True,False
CartPole-v1,0,7,ars2,ars4,False,290.375,237.1328125,29150.06026785714,36037.20361328125,53.2421875,182,planned,0.8011530911897393,146.99141483516485,243.75446428571428,14119.826691253758,20602.886828198993,-96.76304945054943,1.2695936817599905e-11,,True,True
CartPole-v1,0,9,ars2,ars4,False,221.28125,380.171875,32675.68191964286,12854.249720982143,-158.890625,16,planned,0.8168784773997534,208.98828125,251.8203125,20949.32928059896,26020.437434895834,-42.83203125,0.4354939937018517,,False,False
CartPole-v1,0,11,ars2,ars4,False,232.03125,295.8125,16730.265625,23111.573660714286,-63.78125,78,planned,0.8006747688402739,138.10256410256412,233.79567307692307,11566.849733599734,22075.27634670017,-95.69310897435895,9.055726664467155e-06,,True,False
CartPole-v1,1,0,ars4,ars8,False,215.078125,463.8515625,12905.009765625,3649.3771623883927,-248.7734375,4,planned,0.85009323684727,236.65625,434.015625,36390.15234375,11284.287434895834,-197.359375,0.13420288062807878,,False,False
CartPole-v1,1,1,ars4,ars8,False,213.4453125,342.0546875,36160.107631138395,21765.34423828125,-128.609375,29,planned,0.8064590437681715,217.54956896551724,431.82543103448273,23128.149938423652,17340.89770628079,-214.2758620689655,4.304668855479897e-07,,True,False
CartPole-v1,1,2,ars4,ars8,False,232.9140625,441.9453125,16552.69412667411,14335.426827566964,-209.03125,7,planned,0.8227884592884749,278.9732142857143,437.20535714285717,30929.171688988095,13749.896763392857,-158.2321428571429,0.07455495428515939,,False,False
CartPole-v1,1,3,ars4,ars8,False,276.6328125,442.2734375,26404.97481863839,14406.196358816964,-165.640625,13,planned,0.8066859816958706,299.28846153846155,447.0576923076923,21273.95477764423,8517.40459735577,-147.76923076923077,0.005749856492114567,,True,False
CartPole-v1,1,4,ars4,ars8,False,277.828125,448.3125,18842.01199776786,17391.39620535714,-170.484375,11,planned,0.8065133343869801,272.91477272727275,417.96022727272725,33817.26036931818,14109.003338068182,-145.0454545454545,0.04204537068043859,,True,False
CartPole-v1,1,5,ars4,ars8,False,179.5,457.8359375,7744.065848214285,7223.540108816965,-278.3359375,3,planned,0.8328719061801946,294.9166666666667,392.25,33080.040364583336,34830.1875,-97.33333333333331,0.5529527865347328,,False,False
CartPole-v1,1,6,ars4,ars8,False,163.0078125,433.546875,6683.489327566965,7617.275390625,-270.5390625,3,planned,0.8282408860488734,74.64583333333333,500.0,22.692708333333332,0.0,-425.3541666666667,4.180579234224581e-05,,True,False
CartPole-v1,1,7,ars4,ars8,False,143.4375,452.203125,17500.89285714286,7867.663783482143,-308.765625,4,planned,0.8761646556392817,112.671875,456.078125,4279.5634765625,2676.8525390625,-343.40625,0.00022596118032572045,,True,False
CartPole-v1,1,8,ars4,ars8,False,329.5546875,434.109375,29501.94580078125,10197.412667410714,-104.5546875,30,planned,0.803699963359965,247.97291666666666,390.6375,24198.940647449715,18014.978286637932,-142.66458333333333,0.00035140333913365976,,True,False
CartPole-v1,1,9,ars4,ars8,False,230.125,463.6015625,18311.948660714286,10598.77001953125,-233.4765625,6,planned,0.8515673444945416,400.1458333333333,405.3125,21258.521354166667,18009.5859375,-5.166666666666686,0.950344439293307,,False,False
CartPole-v1,1,10,ars4,ars8,False,286.2265625,426.859375,38200.79010881697,11219.410435267857,-140.6328125,21,planned,0.8016759132147405,298.9642857142857,420.2857142857143,24819.80256696429,13442.346316964287,-121.32142857142856,0.007268696654816075,,True,False
CartPole-v1,1,11,ars4,ars8,False,242.5703125,433.140625,21066.32080078125,22021.16378348214,-190.5703125,11,planned,0.8253420542737686,190.76704545454547,424.28409090909093,15979.63991477273,18861.71200284091,-233.51704545454547,0.0005024298921855672,,True,False
CartPole-v1,2,0,cem2,cem4,False,107.734375,305.9453125,3055.809988839286,15877.613211495536,-198.2109375,6,planned,0.8526024879288802,123.0,229.0,27674.7859375,5766.3171875,-106.0,0.19863692402490704,,False,False
CartPole-v1,2,1,cem2,cem4,False,93.453125,269.0546875,2413.115792410714,35105.54066685268,-175.6015625,12,planned,0.8244157142694999,107.40104166666667,260.8333333333333,3772.3007516571965,19791.737452651516,-153.43229166666663,0.0034680714159657684,,True,False
CartPole-v1,2,2,cem2,cem4,False,126.7890625,215.640625,4694.917340959822,20645.56668526786,-88.8515625,27,planned,0.806426062109143,127.73611111111111,259.58564814814815,9071.919270833334,21866.384359419513,-131.84953703703704,0.00032710465411985495,,True,False
CartPole-v1,2,3,cem2,cem4,False,131.203125,257.453125,17050.39034598214,11175.513113839286,-126.25,15,planned,0.8009242674713049,145.55833333333334,226.93333333333334,9123.683296130952,27027.845684523814,-81.375,0.11129154528571948,,False,False
CartPole-v1,2,4,cem2,cem4,False,84.875,314.0,921.6082589285714,22461.04464285714,-229.125,6,planned,0.8456466874460956,101.5,309.2291666666667,3266.73125,35995.89010416666,-207.72916666666669,0.04309532464085285,,True,False
CartPole-v1,2,5,cem2,cem4,False,127.7265625,275.5546875,9526.40952845982,26557.44022042411,-147.828125,15,planned,0.8226669742736156,108.34166666666667,252.675,7755.970907738095,21293.62287946429,-144.33333333333334,0.003285847292620492,,True,False
CartPole-v1,2,6,cem2,cem4,False,88.5,233.3046875,1274.580357142857,36085.721470424105,-144.8046875,16,planned,0.8033452922723279,152.1328125,310.68359375,20507.4712890625,29210.675244140624,-158.55078125,0.00806330442117886,,True,False
CartPole-v1,2,7,cem2,cem4,False,95.875,209.9375,2823.2901785714284,13069.06138392857,-114.0625,12,planned,0.8354315482608158,137.36979166666666,304.0208333333333,14450.537257339018,13664.611032196968,-166.65104166666666,0.0023225456898739,,True,False
CartPole-v1,2,8,cem2,cem4,False,99.421875,290.9609375,1036.222935267857,19059.190778459822,-191.5390625,7,planned,0.8576171896254404,150.48214285714286,304.625,6217.356398809524,15641.602864583334,-154.14285714285714,0.01997856706486963,,True,False
CartPole-v1,2,9,cem2,cem4,False,91.328125,268.46875,1783.5398995535713,37666.58147321428,-177.140625,12,planned,0.8094939801459533,108.859375,276.2395833333333,6405.164151278409,25087.780421401512,-167.38020833333331,0.004754341716630236,,True,False
CartPole-v1,2,11,cem2,cem4,False,103.609375,243.828125,561.0198102678571,16786.49637276786,-140.21875,9,planned,0.8053278882956463,145.99305555555554,178.18055555555554,12950.522894965277,9534.503363715277,-32.1875,0.5289304684991529,,False,False
CartPole-v1,3,0,cem4,cem8,False,349.234375,493.6171875,10988.09681919643,325.92236328125,-144.3828125,7,planned,0.8548493793699998,238.86607142857142,480.99107142857144,26852.17633928571,2529.375558035714,-242.12500000000003,0.007066994004384273,,True,False
CartPole-v1,3,1,cem4,cem8,False,282.5,430.640625,19058.95089285714,7749.592354910715,-148.140625,11,planned,0.8071855833350671,275.58522727272725,426.54545454545456,19044.461150568175,12955.068821022727,-150.9602272727273,0.011336082139208493,,True,False
CartPole-v1,3,2,cem4,cem8,False,243.9296875,398.4453125,23317.939104352678,25019.106515066964,-154.515625,17,planned,0.8022593880126485,243.5514705882353,451.75,22892.987907858456,9284.99072265625,-208.1985294117647,5.3545917099470154e-05,,True,False
CartPole-v1,3,3,cem4,cem8,False,218.28125,492.7265625,26612.063616071428,314.60707310267856,-274.4453125,5,planned,0.8017844131453172,245.75,452.6125,28028.3046875,11227.87578125,-206.8625,0.05352299909868259,,False,False
CartPole-v1,3,4,cem4,cem8,False,201.1015625,446.1484375,13877.406180245536,9973.02671595982,-245.046875,5,planned,0.8703575166102103,233.3,452.35,13335.705859375,8003.762890624999,-219.05,0.010958582798893623,,True,False
CartPole-v1,3,5,cem4,cem8,False,228.1640625,437.4375,24460.80684988839,19024.657366071428,-209.2734375,9,planned,0.805965599301554,222.4375,439.96527777777777,18061.23046875,21588.606553819445,-217.52777777777777,0.004781547941757915,,True,False
CartPole-v1,3,6,cem4,cem8,False,251.21875,486.1640625,12332.122767857143,1531.46533203125,-234.9453125,4,planned,0.8241583750489467,317.140625,494.25,22067.534830729168,132.25,-177.109375,0.09682349720332768,,False,False
CartPole-v1,3,7,cem4,cem8,False,122.296875,487.5,5446.826729910715,538.2857142857143,-365.203125,3,planned,0.9905498856538771,281.2916666666667,384.8125,43163.891927083336,15913.85546875,-103.52083333333331,0.5096975579576267,,False,False
CartPole-v1,3,8,cem4,cem8,False,234.765625,450.8359375,29670.533203125,8986.46533203125,-216.0703125,8,planned,0.8066482405945856,218.8828125,487.390625,23604.392229352678,1271.970703125,-268.5078125,0.0014525540062746087,,True,False
CartPole-v1,3,9,cem4,cem8,False,190.65625,438.171875,31370.246651785714,13746.022042410714,-247.515625,8,planned,0.8569440049148063,244.0859375,450.4609375,20206.390555245536,11585.42738560268,-206.375,0.006023056436272304,,True,False
CartPole-v1,3,10,cem4,cem8,False,226.5078125,482.3125,21113.36544363839,1077.103794642857,-255.8046875,5,planned,0.8377266518003652,351.2125,492.3125,20598.508984375,295.48828125,-141.10000000000002,0.09255567833233815,,False,False
CartPole-v1,3,11,cem4,cem8,False,269.328125,398.96875,31653.368024553572,26600.979910714286,-129.640625,29,planned,0.8111775170085023,254.85129310344828,471.8685344827586,26202.88292795566,7082.768790409484,-217.01724137931032,1.0247433352938491e-07,,True,False
CartPole-v1,4,1,ars4,cem4,False,263.8828125,196.859375,14760.364327566964,16378.71177455357,67.0234375,56,planned,0.8043772031145535,229.73660714285714,293.2377232142857,19808.255215097404,24015.548355062907,-63.501116071428584,0.025176223195212434,,True,True
CartPole-v1,4,2,ars4,cem4,False,230.2421875,338.3359375,14053.338657924107,20787.040108816964,-108.09375,25,planned,0.8092134385608251,287.155,239.28,25775.684283854163,22135.459023437503,47.87499999999997,0.279617535939954,,False,False
CartPole-v1,4,3,ars4,cem4,False,279.984375,199.390625,30486.825613839286,13501.53208705357,80.59375,55,planned,0.8052714502193304,247.2625,228.01363636363635,25796.390827546296,21434.90837542088,19.248863636363637,0.5126814029022867,,False,False
CartPole-v1,4,4,ars4,cem4,False,239.0859375,307.5078125,14959.899483816964,28421.26611328125,-68.421875,74,planned,0.8010918848358096,238.0777027027027,272.9180743243243,20556.382257150133,21998.97516327865,-34.840371621621614,0.14841306501178897,,False,False
CartPole-v1,4,5,ars4,cem4,False,177.7734375,246.3125,17746.39501953125,20272.27901785714,-68.5390625,65,planned,0.8030589935428204,226.44903846153846,255.75,21550.527452674283,21422.58935546875,-29.300961538461536,0.2565945082803249,,False,False
CartPole-v1,4,6,ars4,cem4,False,193.4765625,254.9375,25461.505510602678,26273.61160714286,-61.4609375,109,planned,0.801942477945804,231.93463302752295,262.7717889908257,19710.31021305853,22034.90620487173,-30.837155963302763,0.11655403756945688,,False,False
CartPole-v1,4,7,ars4,cem4,False,116.7421875,202.4140625,1785.05517578125,17983.005510602678,-85.671875,23,planned,0.8035201857933534,212.5951086956522,294.4673913043478,10674.987524703556,26521.19384572628,-81.87228260869563,0.048922588827316246,,True,False
CartPole-v1,4,8,ars4,cem4,False,240.546875,185.25,17255.831194196428,13143.752232142857,55.296875,80,planned,0.8048653760275232,238.36953125,240.48203125,19401.29995982496,20761.49636014142,-2.1125000000000114,0.9250045792796779,,False,False
CartPole-v1,4,9,ars4,cem4,False,162.59375,282.2734375,12673.65513392857,26849.464215959822,-119.6796875,23,planned,0.8038186819071387,249.01358695652175,265.3423913043478,15290.676831151184,24879.11607583992,-16.328804347826065,0.6979948152085338,,False,False
CartPole-v1,4,11,ars4,cem4,False,220.875,175.2890625,31428.39620535714,4841.775599888393,45.5859375,139,planned,0.8014899255495184,256.13039568345323,258.39343525179856,21266.496517324187,21673.698961347225,-2.2630395683453344,0.8976444896102881,,False,False
CartPole-v1,5,0,ars8,cem8,False,447.8515625,498.390625,16014.87939453125,20.720703125,-50.5390625,52,planned,0.8060876066095245,456.11899038461536,443.3125,8781.566982171473,9091.503982843138,12.806490384615358,0.49128081567235715,,False,False
CartPole-v1,5,1,ars8,cem8,False,432.9375,457.2734375,9411.48325892857,4028.1818498883927,-24.3359375,180,planned,0.8016791515711577,435.54583333333335,441.009375,12498.518488128493,13893.016693217529,-5.463541666666629,0.6521125527637295,,False,False
CartPole-v1,5,6,ars8,cem8,False,492.0625,500.0,217.99441964285714,0.0,-7.9375,30,planned,0.8121540190741495,466.92083333333335,453.0625,4992.215768678161,12481.589709051725,13.858333333333348,0.5684462012328482,,False,False
CartPole-v1,5,8,ars8,cem8,False,373.4296875,482.546875,16017.25830078125,1082.580078125,-109.1171875,14,planned,0.829900341946477,471.39732142857144,459.60714285714283,5098.547239869505,11623.446771978019,11.790178571428612,0.7361498636070044,,False,False
CartPole-v1,5,10,ars8,cem8,False,499.2265625,429.6015625,4.78564453125,23732.091448102678,69.625,41,planned,0.8060985933626788,464.0091463414634,448.1981707317073,7474.621789253049,8878.085918445122,15.810975609756099,0.4308991760665202,,False,False
CartPole-v1,5,11,ars8,cem8,False,438.2578125,500.0,23864.191336495536,0.0,-61.7421875,52,planned,0.8071620227843638,450.6045673076923,456.56850961538464,9425.963498951263,9393.869984622455,-5.963942307692321,0.7545466592436849,,False,False
CartPole-v1,6,0,cem4,cem4,True,386.75,283.9921875,16990.858258928572,39672.276157924105,102.7578125,44,planned,0.8068134539350599,266.85085227272725,255.35085227272728,22254.46606393697,22270.616136611392,11.499999999999972,0.7186039612327543,,False,False
CartPole-v1,6,1,cem4,cem4,True,424.2265625,241.8203125,6715.724260602678,21057.79736328125,182.40625,8,planned,0.8047385003087979,262.2265625,241.5390625,27181.65283203125,14390.84144810268,20.6875,0.7787251648821536,,False,False
CartPole-v1,6,2,cem4,cem4,True,344.296875,236.484375,25181.885881696428,17741.000837053572,107.8125,31,planned,0.8130905491534963,269.50201612903226,282.7842741935484,23289.034761424726,17817.669489247313,-13.282258064516157,0.7166024864510943,,False,False
CartPole-v1,6,3,cem4,cem4,True,260.4609375,335.15625,25170.05350167411,31913.058035714286,-74.6953125,82,planned,0.8034547189592127,237.72408536585365,229.88948170731706,21616.711704400033,18784.062432366947,7.834603658536594,0.7245773134192814,,False,False
CartPole-v1,6,4,cem4,cem4,True,311.4921875,203.40625,22072.49825613839,14854.338169642857,108.0859375,26,planned,0.8024644038445868,255.45192307692307,241.55048076923077,16406.490096153848,20974.718443509613,13.901442307692292,0.715470140488565,,False,False
CartPole-v1,6,6,cem4,cem4,True,224.4296875,174.328125,21503.809640066964,20970.638113839286,50.1015625,134,planned,0.8006556981054083,254.85121268656715,248.39785447761193,21888.761853546534,19450.588201424154,6.453358208955223,0.7136029869912248,,False,False
CartPole-v1,6,7,cem4,cem4,True,324.09375,225.4609375,25354.324776785714,28178.120465959822,98.6328125,45,planned,0.8073857965081097,269.68055555555554,248.1263888888889,22763.27702809343,21794.21351010101,21.554166666666646,0.49515843728404296,,False,False
CartPole-v1,6,9,cem4,cem4,True,258.9609375,214.8125,26978.737653459822,17393.488839285714,44.1484375,180,planned,0.8006682912534974,264.82465277777777,252.12951388888888,23246.933227008652,21428.673840369916,12.695138888888891,0.4208819808874281,,False,False
Acrobot-v1,7,0,ars2,ars4,False,-327.5625,-225.7734375,10231.14174107143,1209.3916713169642,-101.7890625,11,planned,0.827210842291736,-307.95454545454544,-229.71022727272728,14097.738352272729,1486.0189630681818,-78.24431818181816,0.05958928360293195,,False,False
Acrobot-v1,7,1,ars2,ars4,False,-292.6328125,-264.296875,13222.61097935268,1927.2999441964287,-28.3359375,150,planned,0.8010602630658121,-292.90708333333333,-245.53458333333333,11531.811542400728,4906.892750454418,-47.3725,9.23925800919144e-06,,True,False
Acrobot-v1,7,2,ars2,ars4,False,-384.9921875,-272.984375,16592.56856863839,8811.272042410714,-112.0078125,18,planned,0.8233718189082576,-336.15277777777777,-262.6458333333333,16518.803410947712,8222.90257352941,-73.50694444444446,0.05645529807895249,,False,False
Acrobot-v1,7,3,ars2,ars4,False,-327.46875,-236.5390625,12436.64955357143,527.6204659598214,-90.9296875,15,planned,0.8245015158324186,-287.2083333333333,-241.3375,6768.550037202381,2325.3229910714285,-45.87083333333331,0.07551177888001466,,False,False
Acrobot-v1,7,4,ars2,ars4,False,-337.53125,-232.9296875,18356.876116071428,2190.0641043526784,-104.6015625,17,planned,0.8159157313145773,-281.24264705882354,-224.2058823529412,10290.638614430149,1286.6239085477941,-57.03676470588235,0.04094570442730839,,True,False
Acrobot-v1,7,5,ars2,ars4,False,-336.4609375,-259.8359375,4181.209751674107,3068.188546316964,-76.625,11,planned,0.8093383175757132,-288.0738636363636,-224.33522727272728,11635.215482954543,1908.179900568182,-63.738636363636346,0.09207325186684308,,False,False
Acrobot-v1,7,7,ars2,ars4,False,-210.4921875,-230.46875,3160.8297293526784,891.8337053571429,19.9765625,81,planned,0.8000758248186881,-309.8449074074074,-235.8256172839506,10878.328135850696,3118.515792582948,-74.01929012345678,1.1631524837749691e-07,,True,True
Acrobot-v1,7,8,ars2,ars4,False,-293.2890625,-238.484375,9412.68296595982,2422.447265625,-54.8046875,33,planned,0.8091969782993401,-295.4431818181818,-240.1060606060606,13679.238125887785,3458.370479699337,-55.33712121212122,0.01903413145358973,,True,False
Acrobot-v1,7,9,ars2,ars4,False,-293.578125,-247.9140625,10287.29994419643,3103.046805245536,-45.6640625,52,planned,0.8026203338222848,-307.3088942307692,-254.0528846153846,9550.059193238592,5515.890224358975,-53.25600961538461,0.0023302097189709073,,True,False
Acrobot-v1,7,10,ars2,ars4,False,-328.90625,-255.546875,21155.984375,608.7307477678571,-73.359375,34,planned,0.804800291017683,-294.375,-249.40073529411765,9597.524384469696,5797.139469139929,-44.97426470588235,0.03856848264626175,,True,False
Acrobot-v1,8,0,ars4,ars8,False,-265.578125,-196.6875,10912.919363839286,1232.247767857143,-68.890625,22,planned,0.805357774471788,-226.2215909090909,-207.57954545454547,1816.6189461580088,633.3706033549785,-18.64204545454544,0.08626845581150856,,False,False
Acrobot-v1,8,1,ars4,ars8,False,-239.84375,-200.578125,2852.362723214286,426.48074776785717,-39.265625,19,planned,0.8169270224216596,-266.6907894736842,-201.75,7415.7875319809955,594.0590277777778,-64.94078947368422,0.0047160844105739175,,True,False
Acrobot-v1,8,2,ars4,ars8,False,-278.8515625,-227.71875,11063.603724888393,1007.4073660714286,-51.1328125,38,planned,0.8010498916986369,-253.42105263157896,-204.49506578947367,5982.551664740397,537.0868626644735,-48.92598684210529,0.0005407438971515568,,True,False
Acrobot-v1,8,3,ars4,ars8,False,-249.578125,-211.234375,1817.3423549107142,1144.8423549107142,-38.34375,17,planned,0.8029135974715651,-226.46323529411765,-223.92279411764707,1883.0688763786764,2175.327895220588,-2.54044117647058,0.8704395498285196,,False,False
Acrobot-v1,8,4,ars4,ars8,False,-238.7578125,-225.8984375,1604.1143275669642,1025.9820731026787,-12.859375,126,planned,0.8004708943905925,-246.41369047619048,-205.4831349206349,3740.454178571429,757.1673382936508,-40.93055555555557,1.2247753006904723e-10,,True,False
Acrobot-v1,8,5,ars4,ars8,False,-249.3828125,-196.109375,1717.807407924107,514.5443638392857,-53.2734375,8,planned,0.8257486785948862,-234.1328125,-219.1015625,2196.7449079241073,1010.1639927455357,-15.03125,0.4669061101966062,,False,False
Acrobot-v1,8,6,ars4,ars8,False,-260.4609375,-214.6640625,13729.728724888393,877.1182338169643,-45.796875,57,planned,0.8043091316941705,-241.66776315789474,-198.46052631578948,4127.282946134869,695.813006637688,-43.20723684210526,1.1808743902896083e-05,,True,False
Acrobot-v1,8,8,ars4,ars8,False,-227.75,-215.84375,3406.9129464285716,567.1763392857143,-11.90625,222,planned,0.8009019302001287,-240.34938063063063,-208.76661036036037,3367.7802548465456,955.2035371857293,-31.58277027027026,5.185927010969713e-12,,True,False
Acrobot-v1,8,9,ars4,ars8,False,-245.09375,-210.8984375,3050.4866071428573,1425.595912388393,-34.1953125,32,planned,0.8106527097012869,-258.927734375,-203.853515625,6329.5897453062,669.9689035723286,-55.07421875,0.0006431386072459571,,True,False
Acrobot-v1,8,10,ars4,ars8,False,-301.8515625,-201.125,13589.266671316964,663.4430803571429,-100.7265625,13,planned,0.803591936657837,-226.8653846153846,-214.20192307692307,1125.9341446314102,902.3666366185897,-12.663461538461547,0.32090571405734797,,False,False
Acrobot-v1,8,11,ars4,ars8,False,-221.703125,-206.609375,2036.0320870535713,797.8010602678571,-15.09375,99,planned,0.800860824814744,-232.21338383838383,-205.7695707070707,3327.6211742746345,730.0226121225005,-26.443813131313135,6.216366878201774e-05,,True,False
Acrobot-v1,9,0,cem2,cem4,False,-346.375,-425.265625,17698.918526785714,10420.90708705357,78.890625,37,planned,0.8053159495856587,-389.5658783783784,-279.43581081081084,13413.469389311185,12443.59081737988,-110.13006756756755,8.513021203186488e-05,,True,True
Acrobot-v1,9,1,cem2,cem4,False,-417.828125,-272.5546875,14325.824497767857,7748.029506138393,-145.2734375,10,planned,0.8285313347468285,-379.24375,-252.1875,16012.23650173611,10017.381944444445,-127.05624999999998,0.02334112306690599,,True,False
Acrobot-v1,9,2,cem2,cem4,False,-332.1640625,-283.0625,20749.359305245536,14024.981026785714,-49.1015625,115,planned,0.8027141327743234,-389.5896739130435,-299.2244565217391,15650.755148741417,14158.041179800724,-90.36521739130438,5.76765979157345e-08,,True,False
Acrobot-v1,9,3,cem2,cem4,False,-424.7265625,-294.234375,15165.71533203125,9682.254185267857,-130.4921875,13,planned,0.8152863452953436,-444.08653846153845,-303.10096153846155,12185.052433894234,19741.592798477563,-140.9855769230769,0.009236408515599134,,True,False
Acrobot-v1,9,4,cem2,cem4,False,-404.6796875,-301.078125,14848.84423828125,11525.316685267857,-103.6015625,21,planned,0.8136565574474319,-380.26785714285717,-264.26488095238096,11980.184821428571,18980.91715029762,-116.0029761904762,0.004484503875489724,,True,False
Acrobot-v1,9,5,cem2,cem4,False,-485.5546875,-251.1953125,1669.33642578125,4751.950265066965,-234.359375,3,planned,0.9248082775062425,-401.3333333333333,-251.04166666666666,12377.895833333334,374.8841145833333,-150.29166666666666,0.140393236538466,,False,False
Acrobot-v1,9,6,cem2,cem4,False,-431.375,-253.7265625,12408.16517857143,12680.477608816964,-177.6484375,8,planned,0.8385869402531078,-379.2890625,-234.765625,14365.252162388393,3313.314453125,-144.5234375,0.011665897986320211,,True,False
Acrobot-v1,9,7,cem2,cem4,False,-370.390625,-320.890625,13742.802176339286,24104.065569196428,-49.5,123,planned,0.8023342290855895,-380.3313008130081,-290.859756097561,14584.013571654674,11811.66818272691,-89.47154471544712,4.017080135606226e-09,,True,False
Acrobot-v1,9,10,cem2,cem4,False,-414.859375,-238.5234375,15023.005301339286,2984.8380998883927,-176.3359375,7,planned,0.8632067750455563,-360.82142857142856,-318.9732142857143,17622.100818452378,13457.260230654761,-41.84821428571428,0.5419513379502741,,False,False
Acrobot-v1,10,0,cem4,cem8,False,-326.828125,-201.015625,16513.503069196428,5338.593470982143,-125.8125,13,planned,0.8291199150316899,-283.3076923076923,-176.21153846153845,15607.182592147436,855.0817307692308,-107.09615384615387,0.009827923636471567,,True,False
Acrobot-v1,10,1,cem4,cem8,False,-223.1015625,-163.9765625,827.34814453125,4452.525599888393,-59.125,14,planned,0.8200813221532264,-266.53125,-174.47767857142858,10967.109224759615,1374.9288504464287,-92.05357142857142,0.006791643052524124,,True,False
Acrobot-v1,10,2,cem4,cem8,False,-304.3359375,-178.859375,15602.274483816964,981.8680245535714,-125.4765625,11,planned,0.8380773918080915,-246.625,-212.23863636363637,7900.04375,9437.897514204546,-34.386363636363626,0.3967697121324094,,False,False
Acrobot-v1,10,3,cem4,cem8,False,-300.546875,-192.0234375,21261.278738839286,16042.172921316964,-108.5234375,26,planned,0.8019461561499038,-278.99278846153845,-186.35817307692307,11349.59447716346,3115.0367367788467,-92.63461538461539,0.00035253638019610753,,True,False
Acrobot-v1,10,4,cem4,cem8,False,-211.625,-174.875,2420.926339285714,1330.6517857142858,-36.75,23,planned,0.802009463048478,-256.5923913043478,-173.0679347826087,7523.470124135375,7247.731503211462,-83.52445652173913,0.0019454262652075515,,True,False
Acrobot-v1,10,5,cem4,cem8,False,-251.234375,-207.9765625,12254.75864955357,1992.5468052455358,-43.2578125,62,planned,0.804932430735066,-280.47479838709677,-197.22379032258064,14060.963429774261,8801.05898416843,-83.25100806451613,3.118568093059177e-05,,True,False
Acrobot-v1,10,6,cem4,cem8,False,-252.828125,-198.3984375,10902.29994419643,2398.320242745536,-54.4296875,37,planned,0.8041385285557886,-260.3902027027027,-192.38006756756758,12952.912414367493,5218.887017877251,-68.01013513513513,0.0032051474654447285,,True,False
Acrobot-v1,10,7,cem4,cem8,False,-340.71875,-186.34375,18713.95089285714,3091.109375,-154.375,9,planned,0.8111882148259661,-322.88194444444446,-197.03472222222223,23327.59906684028,3140.7090928819443,-125.84722222222223,0.042450905348702564,,True,False
Acrobot-v1,10,9,cem4,cem8,False,-305.1953125,-184.734375,17604.621023995536,2326.403738839286,-120.4609375,13,planned,0.8202614202970053,-321.96153846153845,-204.32692307692307,16052.118189102564,10007.040464743588,-117.63461538461539,0.01512625744473359,,True,False
Acrobot-v1,10,10,cem4,cem8,False,-394.125,-207.3203125,20690.2578125,10832.291782924107,-186.8046875,9,planned,0.8371981515655063,-336.63194444444446,-213.36805555555554,14065.31195746528,13239.399848090277,-123.26388888888891,0.03981725924192298,,True,False
Acrobot-v1,10,11,cem4,cem8,False,-251.03125,-199.7265625,11106.869419642857,3330.813546316964,-51.3046875,45,planned,0.8061429003561577,-283.0097222222222,-198.09166666666667,12716.677726483586,6266.692223011362,-84.91805555555553,8.809013953442158e-05,,True,False
Acrobot-v1,11,0,ars4,cem4,False,-229.8125,-301.1796875,2539.7879464285716,15725.783970424107,71.3671875,30,planned,0.8047733651004839,-255.20625,-306.1479166666667,8199.736839978448,13154.233966415231,50.94166666666666,0.06143018906716996,,False,False
Acrobot-v1,11,1,ars4,cem4,False,-270.046875,-227.421875,9577.249720982143,5463.312220982143,-42.625,67,planned,0.8058333009273708,-235.7695895522388,-314.64925373134326,4121.565602385797,17251.131623487676,78.87966417910445,2.636995103246226e-05,,True,True
Acrobot-v1,11,2,ars4,cem4,False,-269.5,-203.3515625,4654.094866071428,2848.04345703125,-66.1484375,15,planned,0.8130118089496734,-272.65833333333336,-259.85833333333335,9337.546800595239,6700.3892113095235,-12.800000000000011,0.6985041940428719,,False,False
Acrobot-v1,11,4,ars4,cem4,False,-237.265625,-309.0234375,1450.663783482143,13577.022251674107,71.7578125,25,planned,0.8075627852321854,-248.34,-247.8925,3351.663111979167,9584.909348958334,-0.4474999999999909,0.9844052656714632,,False,False
Acrobot-v1,11,5,ars4,cem4,False,-264.7109375,-339.984375,11385.117117745536,18897.721819196428,75.2734375,43,planned,0.8000848539408753,-243.8343023255814,-296.86918604651163,2862.6022849183278,13404.358224321706,53.034883720930225,0.00840411192458534,,True,False
Acrobot-v1,11,7,ars4,cem4,False,-237.7265625,-343.9921875,4875.439662388393,13091.068568638393,106.265625,14,planned,0.8083206481115811,-253.04910714285714,-381.23214285714283,3523.3276313530223,19760.246050824175,128.1830357142857,0.005772181719618275,,True,False
Acrobot-v1,11,9,ars4,cem4,False,-230.2421875,-255.0625,791.47705078125,14683.630580357143,24.8203125,199,planned,0.8001882887199208,-246.78109296482413,-292.6592336683417,5163.924316381465,12245.035418570127,45.87814070351757,1.4507636581880123e-06,,True,False
Acrobot-v1,11,10,ars4,cem4,False,-240.859375,-310.3984375,1753.863560267857,13240.194126674107,69.5390625,26,planned,0.8013636854429491,-272.68509615384613,-295.7620192307692,9527.263275240384,16701.196881009615,23.076923076923094,0.47112901160911536,,False,False
Acrobot-v1,11,11,ars4,cem4,False,-213.5390625,-245.078125,610.3269391741071,11775.26869419643,31.5390625,100,planned,0.8020535163460448,-240.475,-300.965625,3761.8794191919187,14193.595673532196,60.490624999999994,1.2873403990371342e-05,,True,False
Acrobot-v1,12,0,ars8,cem8,False,-200.7421875,-151.203125,480.78955078125,2143.6102120535716,-49.5390625,10,planned,0.8060050079540504,-211.6875,-213.6125,1237.287326388889,8478.274131944445,1.9250000000000114,0.9518089690956975,,False,False
Acrobot-v1,12,1,ars8,cem8,False,-201.1953125,-232.109375,812.7303989955357,12796.076729910714,30.9140625,114,planned,0.8017974672642229,-209.64583333333334,-196.12774122807016,839.7187269542773,8022.156415262092,-13.518092105263179,0.12753737695993642,,False,False
Acrobot-v1,12,2,ars8,cem8,False,-215.6015625,-239.4453125,250.36600167410714,15683.080845424107,23.84375,222,planned,0.8002838577705591,-208.21677927927928,-199.52055180180182,1059.405777702193,6983.242806057258,-8.696227477477464,0.14960659640786558,,False,False
Acrobot-v1,12,3,ars8,cem8,False,-218.640625,-177.109375,951.1771763392857,909.1593191964286,-41.53125,10,planned,0.8209794942836716,-236.0,-193.7625,1668.0859375,1539.873090277778,-42.23750000000001,0.02989516497781826,,True,False
Acrobot-v1,12,5,ars8,cem8,False,-211.859375,-171.75,1102.5890066964287,1821.700892857143,-40.109375,16,planned,0.8172259862742057,-204.4375,-187.70703125,656.8723958333334,5226.895166015625,-16.73046875,0.39402115250310954,,False,False
Acrobot-v1,12,6,ars8,cem8,False,-212.0703125,-165.4453125,562.5172293526786,1375.5328543526787,-46.625,9,planned,0.838113989229588,-208.52083333333334,-273.13194444444446,507.607421875,22106.27875434028,64.61111111111111,0.23190299174220977,,False,False
Acrobot-v1,12,8,ars8,cem8,False,-209.703125,-189.6796875,989.8702566964286,2513.003836495536,-20.0234375,70,planned,0.8015366644850377,-202.6107142857143,-208.67857142857142,718.7236380693582,5813.246635610763,6.067857142857122,0.5315750996385857,,False,False
Acrobot-v1,12,10,ars8,cem8,False,-183.59375,-210.7109375,82.57700892857143,15633.11488560268,27.1171875,170,planned,0.8008027135529694,-207.7702205882353,-191.98014705882352,778.9286983608163,5121.276831709015,-15.790073529411785,0.00791550254841863,,True,True
Acrobot-v1,12,11,ars8,cem8,False,-236.4453125,-190.96875,8006.123256138393,3427.2890625,-45.4765625,45,planned,0.8042121550456789,-208.21805555555557,-196.57916666666668,580.4518150252526,6352.339026988638,-11.638888888888886,0.3527359507204324,,False,False
Acrobot-v1,13,1,cem4,cem4,True,-308.953125,-245.40625,15167.548828125,12081.268973214286,-63.546875,54,planned,0.8003546374433996,-293.875,-312.4548611111111,15492.87102004717,15007.165450569972,18.579861111111086,0.43608221949745574,,False,False
Acrobot-v1,13,2,cem4,cem4,True,-345.1640625,-281.609375,22698.43966238839,18364.59793526786,-63.5546875,81,planned,0.8011029911413846,-300.8641975308642,-308.008487654321,13695.370292004241,12611.942846981095,7.144290123456813,0.6923190690239611,,False,False
Acrobot-v1,13,3,cem4,cem4,True,-252.2265625,-344.0390625,10338.006626674107,19448.589215959822,91.8125,29,planned,0.8025346568467633,-297.68318965517244,-328.5064655172414,13226.720683882391,15967.98363415948,30.823275862068954,0.3355324863278425,,False,False
Acrobot-v1,13,4,cem4,cem4,True,-213.3125,-268.90625,1159.6796875,12006.284598214286,55.59375,36,planned,0.810444139840934,-299.51909722222223,-263.17881944444446,13419.270048983135,10390.335748387897,-36.34027777777777,0.16213814472556737,,False,False
Acrobot-v1,13,6,cem4,cem4,True,-252.5546875,-202.234375,1618.8632114955358,2393.622488839286,-50.3203125,14,planned,0.8150969650836862,-254.36607142857142,-261.125,12014.772750686814,12025.26983173077,6.758928571428584,0.8716948774993256,,False,False
Acrobot-v1,13,7,cem4,cem4,True,-254.84375,-341.6015625,11143.854910714286,17215.751046316964,86.7578125,31,planned,0.8051371969262751,-286.3306451612903,-285.7358870967742,9744.423487903226,14136.985080645161,-0.5947580645160997,0.9829773651484623,,False,False
Acrobot-v1,13,8,cem4,cem4,True,-351.640625,-312.390625,9022.527622767857,14581.851283482143,-39.25,122,planned,0.8023324791013909,-292.33196721311475,-265.2904713114754,12887.83600735842,9709.397270282228,-27.041495901639337,0.04807994700983676,,True,False
Acrobot-v1,13,9,cem4,cem4,True,-264.71875,-325.96875,9114.097098214286,14435.004464285714,61.25,51,planned,0.805530892681735,-279.7487745098039,-300.18014705882354,12298.976014093138,13710.263382352945,20.431372549019613,0.3677895672395908,,False,False
Acrobot-v1,13,10,cem4,cem4,True,-290.953125,-215.0625,7592.440569196428,1256.3080357142858,-75.890625,14,planned,0.8123259938528097,-332.0267857142857,-327.0357142857143,14139.620621565933,22056.952953296706,-4.991071428571445,0.9225957723861711,,False,False
