claim_type,task,algorithm_a,variant_a,algorithm_b,variant_b,observed_seeds_a,observed_seeds_b,mean_a,mean_b,variance_a,variance_b,mean_difference,standardized_mean_difference,status,plugin_power_observed_allocation,below_80_percent,planned_equal_n_observed_gap,planned_equal_n_d_0.2,planned_equal_n_d_0.5,planned_equal_n_d_0.8,planned_equal_n_d_1.0
plugin_model,Acrobot-v1,ars,longer,cem,longer,20,20,-97.42150000000001,-96.387,4.756813421052634,3.566201052631575,-1.0345000000000084,-0.5071134950153051,estimated,0.34566349550010644,True,63,394,64,26,17
plugin_model,Acrobot-v1,ars,longer,cleanrl,default,20,5,-97.42150000000001,-88.758,4.756813421052634,34.385269999999984,-8.663500000000013,-1.9583323965171224,estimated,0.7022762884145178,True,6,394,65,27,18
plugin_model,Acrobot-v1,ars,longer,ppo-cpu,default,20,20,-97.42150000000001,-94.66250000000001,4.756813421052634,16.183093421052625,-2.7590000000000003,-0.852666745718144,estimated,0.7412179363525786,True,23,394,65,26,18
plugin_model,Acrobot-v1,ars,longer,sb3-zoo,default,20,5,-97.42150000000001,-91.83399999999999,4.756813421052634,79.86753000000004,-5.58750000000002,-0.858983611261178,estimated,0.19199638877978317,True,24,395,65,27,18
plugin_model,Acrobot-v1,cem,longer,cleanrl,default,20,5,-96.387,-88.758,3.566201052631575,34.385269999999984,-7.629000000000005,-1.751331283906827,estimated,0.5967383736625415,True,7,395,65,27,18
plugin_model,Acrobot-v1,cem,longer,ppo-cpu,default,20,20,-96.387,-94.66250000000001,3.566201052631575,16.183093421052625,-1.724499999999992,-0.5487852167983412,estimated,0.38747310164325943,True,54,394,65,26,18
plugin_model,Acrobot-v1,cem,longer,sb3-zoo,default,20,5,-96.387,-91.83399999999999,3.566201052631575,79.86753000000004,-4.5530000000000115,-0.7049232187311528,estimated,0.14401074595576097,True,34,395,65,27,18
plugin_model,Acrobot-v1,cleanrl,default,ppo-cpu,default,5,20,-88.758,-94.66250000000001,34.385269999999984,16.183093421052625,5.904500000000013,1.1742448808125072,estimated,0.40685931303816186,True,13,394,64,26,17
plugin_model,Acrobot-v1,cleanrl,default,sb3-zoo,default,5,5,-88.758,-91.83399999999999,34.385269999999984,79.86753000000004,3.0759999999999934,0.4069751602849403,estimated,0.08647212516078484,True,96,394,64,26,17
plugin_model,Acrobot-v1,ppo-cpu,default,sb3-zoo,default,20,5,-94.66250000000001,-91.83399999999999,16.183093421052625,79.86753000000004,-2.8285000000000196,-0.4081512086460511,estimated,0.08578805016770041,True,96,394,65,26,18
plugin_model,CartPole-v1,ars,default,cem,default,20,20,495.601,495.5679999999999,53.331398947368506,53.08778526315789,0.033000000000072305,0.004523962278149669,estimated,0.05002228635527316,True,767007,394,64,26,17
plugin_model,CartPole-v1,ars,default,cleanrl,default,20,5,495.601,486.25,53.331398947368506,63.98185,9.350999999999999,1.2209546227905255,estimated,0.5085078918951902,True,12,394,64,26,17
plugin_model,CartPole-v1,ars,default,ppo-cpu,zoo-shape,20,20,495.601,496.9,53.331398947368506,38.388484210526315,-1.2989999999999782,-0.19181934447665838,estimated,0.09087473491709355,True,428,394,64,26,17
plugin_model,CartPole-v1,ars,default,sb3-zoo,default,20,5,495.601,500.0,53.331398947368506,0.0,-4.399000000000001,-0.8518781358363076,estimated,0.7243645916688393,True,24,395,65,27,18
plugin_model,CartPole-v1,cem,default,cleanrl,default,20,5,495.5679999999999,486.25,53.08778526315789,63.98185,9.317999999999927,1.2179110513876779,estimated,0.5058534901342022,True,12,394,64,26,17
plugin_model,CartPole-v1,cem,default,ppo-cpu,zoo-shape,20,20,495.5679999999999,496.9,53.08778526315789,38.388484210526315,-1.3320000000000505,-0.19695408826128316,estimated,0.09313667942448105,True,406,394,64,26,17
plugin_model,CartPole-v1,cem,default,sb3-zoo,default,20,5,495.5679999999999,500.0,53.08778526315789,0.0,-4.432000000000073,-0.8602356679163586,estimated,0.7326578646989008,True,24,395,65,27,18
plugin_model,CartPole-v1,cleanrl,default,ppo-cpu,zoo-shape,5,20,486.25,496.9,63.98185,38.388484210526315,-10.649999999999977,-1.4885983903225952,estimated,0.6175198213650763,True,9,394,64,26,17
plugin_model,CartPole-v1,cleanrl,default,sb3-zoo,default,5,5,486.25,500.0,63.98185,0.0,-13.75,-2.4310242964200217,estimated,0.8157763931715732,False,5,395,65,27,18
plugin_model,CartPole-v1,ppo-cpu,zoo-shape,sb3-zoo,default,20,5,496.9,500.0,38.388484210526315,0.0,-3.1000000000000227,-0.7075810764351501,estimated,0.5650636134308722,True,34,395,65,27,18
